timestamp,password_attempt,username,status,latency_ms,notes
2025-12-14T14:49:25.863333,123456,user01,fail,6.02,
2025-12-14T14:49:25.867853,123456,user02,fail,4.52,
2025-12-14T14:49:25.871362,123456,user03,fail,3.51,
2025-12-14T14:49:25.874256,123456,user04,fail,2.89,
2025-12-14T14:49:25.877254,123456,user05,fail,3.0,
2025-12-14T14:49:25.881345,123456,user06,fail,4.09,
2025-12-14T14:49:25.886372,123456,user07,fail,5.03,
2025-12-14T14:49:25.889503,123456,user08,fail,3.13,
2025-12-14T14:49:25.893462,123456,user09,fail,3.96,
2025-12-14T14:49:25.896971,123456,user10,fail,3.51,
2025-12-14T14:49:26.158964,123456,user11,fail,260.91,
2025-12-14T14:49:26.412215,123456,user12,fail,253.25,
2025-12-14T14:49:26.655294,123456,user13,fail,243.08,
2025-12-14T14:49:26.893697,123456,user14,fail,238.4,
2025-12-14T14:49:27.136209,123456,user15,fail,241.51,
2025-12-14T14:49:27.383388,123456,user16,fail,247.18,
2025-12-14T14:49:27.625462,123456,user17,fail,242.07,
2025-12-14T14:49:27.869142,123456,user18,fail,243.68,
2025-12-14T14:49:28.108808,123456,user19,fail,239.67,
2025-12-14T14:49:28.358272,123456,user20,fail,249.46,
2025-12-14T14:49:28.419155,123456,user21,fail,60.88,
2025-12-14T14:49:28.485314,123456,user22,fail,66.16,
2025-12-14T14:49:28.545480,123456,user23,fail,60.17,
2025-12-14T14:49:28.610102,123456,user24,fail,64.62,
2025-12-14T14:49:28.676287,123456,user25,fail,66.18,
2025-12-14T14:49:28.741267,123456,user26,fail,64.98,
2025-12-14T14:49:28.804562,123456,user27,fail,63.3,
2025-12-14T14:49:28.865425,123456,user28,fail,60.86,
2025-12-14T14:49:28.937292,123456,user29,fail,71.87,
2025-12-14T14:49:29.000670,123456,user30,fail,63.38,
2025-12-14T14:49:29.006286,password,user01,success,4.11,
2025-12-14T14:49:29.011232,password,user02,success,4.95,
2025-12-14T14:49:29.016247,password,user03,fail,4.01,
2025-12-14T14:49:29.020553,password,user04,fail,4.31,
2025-12-14T14:49:29.025087,password,user05,success,4.53,
2025-12-14T14:49:29.029259,password,user06,fail,4.17,
2025-12-14T14:49:29.032287,password,user07,fail,3.03,
2025-12-14T14:49:29.037333,password,user08,fail,5.05,
2025-12-14T14:49:29.041464,password,user09,fail,4.13,
2025-12-14T14:49:29.045471,password,user10,fail,4.01,
2025-12-14T14:49:29.304428,password,user11,fail,258.96,
2025-12-14T14:49:29.544306,password,user12,fail,239.88,
2025-12-14T14:49:29.789329,password,user13,fail,245.02,
2025-12-14T14:49:30.031088,password,user14,fail,241.76,
2025-12-14T14:49:30.275615,password,user15,fail,244.53,
2025-12-14T14:49:30.512167,password,user16,fail,236.55,
2025-12-14T14:49:30.754373,password,user17,fail,242.21,
2025-12-14T14:49:31.025313,password,user18,fail,270.94,
2025-12-14T14:49:31.277803,password,user19,fail,252.49,
2025-12-14T14:49:31.518953,password,user20,fail,241.15,
2025-12-14T14:49:31.578663,password,user21,fail,59.71,
2025-12-14T14:49:31.648931,password,user22,fail,70.27,
2025-12-14T14:49:31.718086,password,user23,fail,69.16,
2025-12-14T14:49:31.782638,password,user24,fail,64.55,
2025-12-14T14:49:31.841449,password,user25,fail,58.81,
2025-12-14T14:49:31.908067,password,user26,fail,66.62,
2025-12-14T14:49:31.967188,password,user27,fail,59.12,
2025-12-14T14:49:32.031226,password,user28,fail,64.04,
2025-12-14T14:49:32.096216,password,user29,fail,64.99,
2025-12-14T14:49:32.166436,password,user30,fail,70.22,
2025-12-14T14:49:32.170492,123456789,user01,fail,4.06,
2025-12-14T14:49:32.173598,123456789,user02,fail,3.11,
2025-12-14T14:49:32.177016,123456789,user03,fail,3.42,
2025-12-14T14:49:32.180028,123456789,user04,fail,3.01,
2025-12-14T14:49:32.184545,123456789,user05,fail,4.52,
2025-12-14T14:49:32.190063,123456789,user06,fail,5.52,
2025-12-14T14:49:32.195116,123456789,user07,fail,5.05,
2025-12-14T14:49:32.199679,123456789,user08,fail,3.47,
2025-12-14T14:49:32.203207,123456789,user09,fail,3.53,
2025-12-14T14:49:32.207207,123456789,user10,fail,4.0,
2025-12-14T14:49:32.458147,123456789,user11,fail,250.94,
2025-12-14T14:49:32.711252,123456789,user12,fail,253.1,
2025-12-14T14:49:32.952424,123456789,user13,fail,241.17,
2025-12-14T14:49:33.197363,123456789,user14,fail,244.94,
2025-12-14T14:49:33.439073,123456789,user15,fail,241.71,
2025-12-14T14:49:33.684100,123456789,user16,fail,245.03,
2025-12-14T14:49:33.929455,123456789,user17,fail,245.35,
2025-12-14T14:49:34.168781,123456789,user18,fail,239.33,
2025-12-14T14:49:34.416142,123456789,user19,fail,247.36,
2025-12-14T14:49:34.654059,123456789,user20,fail,237.92,
2025-12-14T14:49:34.719741,123456789,user21,fail,65.68,
2025-12-14T14:49:34.786313,123456789,user22,fail,66.57,
2025-12-14T14:49:34.852217,123456789,user23,fail,65.9,
2025-12-14T14:49:34.914490,123456789,user24,fail,62.27,
2025-12-14T14:49:34.982617,123456789,user25,fail,67.08,
2025-12-14T14:49:35.048801,123456789,user26,fail,66.18,
2025-12-14T14:49:35.117952,123456789,user27,fail,69.15,
2025-12-14T14:49:35.186115,123456789,user28,fail,68.16,
2025-12-14T14:49:35.254043,123456789,user29,fail,67.93,
2025-12-14T14:49:35.324872,123456789,user30,fail,70.83,
2025-12-14T14:49:35.329398,12345,user01,fail,4.53,
2025-12-14T14:49:35.335412,12345,user02,fail,5.15,
2025-12-14T14:49:35.338645,12345,user03,fail,3.23,
2025-12-14T14:49:35.345174,12345,user04,fail,6.53,
2025-12-14T14:49:35.347848,12345,user05,fail,2.67,
2025-12-14T14:49:35.351359,12345,user06,fail,3.51,
2025-12-14T14:49:35.355366,12345,user07,fail,4.01,
2025-12-14T14:49:35.357457,12345,user08,fail,2.09,
2025-12-14T14:49:35.360580,12345,user09,fail,3.12,
2025-12-14T14:49:35.364155,12345,user10,fail,3.58,
2025-12-14T14:49:35.609762,12345,user11,fail,245.61,
2025-12-14T14:49:35.852127,12345,user12,fail,242.36,
2025-12-14T14:49:36.097104,12345,user13,fail,244.98,
2025-12-14T14:49:36.337196,12345,user14,fail,240.09,
2025-12-14T14:49:36.578887,12345,user15,fail,241.69,
2025-12-14T14:49:36.829301,12345,user16,fail,250.41,
2025-12-14T14:49:37.078604,12345,user17,fail,249.3,
2025-12-14T14:49:37.327098,12345,user18,fail,248.49,
2025-12-14T14:49:37.578392,12345,user19,fail,251.29,
2025-12-14T14:49:37.831523,12345,user20,fail,253.13,
2025-12-14T14:49:37.899722,12345,user21,fail,67.08,
2025-12-14T14:49:37.964168,12345,user22,fail,64.45,
2025-12-14T14:49:38.031323,12345,user23,fail,67.15,
2025-12-14T14:49:38.095575,12345,user24,fail,64.25,
2025-12-14T14:49:38.163074,12345,user25,fail,67.5,
2025-12-14T14:49:38.235208,12345,user26,fail,72.13,
2025-12-14T14:49:38.302163,12345,user27,fail,66.95,
2025-12-14T14:49:38.370015,12345,user28,fail,67.85,
2025-12-14T14:49:38.431107,12345,user29,fail,61.09,
2025-12-14T14:49:38.495176,12345,user30,fail,64.07,
2025-12-14T14:49:38.500479,12345678,user01,fail,5.3,
2025-12-14T14:49:38.504429,12345678,user02,fail,3.95,
2025-12-14T14:49:38.508943,12345678,user03,fail,3.51,
2025-12-14T14:49:38.514458,12345678,user04,fail,5.51,
2025-12-14T14:49:38.516962,12345678,user05,fail,2.5,
2025-12-14T14:49:38.522493,12345678,user06,fail,5.53,
2025-12-14T14:49:38.528103,12345678,user07,fail,5.61,
2025-12-14T14:49:38.533625,12345678,user08,fail,5.52,
2025-12-14T14:49:38.538275,12345678,user09,fail,4.65,
2025-12-14T14:49:38.543155,12345678,user10,fail,3.87,
2025-12-14T14:49:38.784112,12345678,user11,fail,240.96,
2025-12-14T14:49:39.037838,12345678,user12,fail,253.73,
2025-12-14T14:49:39.285402,12345678,user13,fail,247.56,
2025-12-14T14:49:39.533211,12345678,user14,fail,247.81,
2025-12-14T14:49:39.785404,12345678,user15,fail,252.19,
2025-12-14T14:49:40.031192,12345678,user16,fail,245.79,
2025-12-14T14:49:40.274103,12345678,user17,fail,242.91,
2025-12-14T14:49:40.534417,12345678,user18,fail,259.31,
2025-12-14T14:49:40.802294,12345678,user19,fail,267.88,
2025-12-14T14:49:41.097600,12345678,user20,fail,295.31,
2025-12-14T14:49:41.185439,12345678,user21,fail,86.83,
2025-12-14T14:49:41.545343,12345678,user22,fail,359.9,
2025-12-14T14:49:41.927292,12345678,user23,fail,381.95,
2025-12-14T14:49:42.069933,12345678,user24,fail,142.64,
2025-12-14T14:49:42.143359,12345678,user25,fail,73.43,
2025-12-14T14:49:42.208501,12345678,user26,fail,65.14,
2025-12-14T14:49:42.283348,12345678,user27,fail,74.85,
2025-12-14T14:49:42.361223,12345678,user28,fail,77.87,
2025-12-14T14:49:42.437567,12345678,user29,fail,76.34,
2025-12-14T14:49:42.545135,12345678,user30,fail,107.57,
2025-12-14T14:49:42.549645,qwerty,user01,fail,4.51,
2025-12-14T14:49:42.556166,qwerty,user02,fail,6.52,
2025-12-14T14:49:42.562206,qwerty,user03,fail,6.04,
2025-12-14T14:49:42.567720,qwerty,user04,fail,5.51,
2025-12-14T14:49:42.573261,qwerty,user05,fail,5.54,
2025-12-14T14:49:42.579775,qwerty,user06,fail,6.51,
2025-12-14T14:49:42.586303,qwerty,user07,fail,6.53,
2025-12-14T14:49:42.592344,qwerty,user08,fail,6.04,
2025-12-14T14:49:42.597900,qwerty,user09,fail,5.56,
2025-12-14T14:49:42.604417,qwerty,user10,fail,6.52,
2025-12-14T14:49:42.958837,qwerty,user11,fail,354.42,
2025-12-14T14:49:43.349489,qwerty,user12,fail,390.65,
2025-12-14T14:49:43.767850,qwerty,user13,fail,418.36,
2025-12-14T14:49:44.091251,qwerty,user14,fail,323.4,
2025-12-14T14:49:44.395438,qwerty,user15,fail,304.19,
2025-12-14T14:49:44.696949,qwerty,user16,fail,301.51,
2025-12-14T14:49:44.999440,qwerty,user17,fail,302.49,
2025-12-14T14:49:45.269434,qwerty,user18,fail,269.99,
2025-12-14T14:49:45.549791,qwerty,user19,fail,280.36,
2025-12-14T14:49:45.868530,qwerty,user20,fail,318.74,
2025-12-14T14:49:45.958593,qwerty,user21,fail,89.06,
2025-12-14T14:49:46.038862,qwerty,user22,fail,80.27,
2025-12-14T14:49:46.110441,qwerty,user23,fail,71.58,
2025-12-14T14:49:46.182174,qwerty,user24,fail,70.23,
2025-12-14T14:49:46.254280,qwerty,user25,fail,72.11,
2025-12-14T14:49:46.322090,qwerty,user26,fail,67.81,
2025-12-14T14:49:46.395795,qwerty,user27,fail,73.71,
2025-12-14T14:49:46.471434,qwerty,user28,fail,75.64,
2025-12-14T14:49:46.542245,qwerty,user29,fail,70.81,
2025-12-14T14:49:46.607146,qwerty,user30,fail,64.9,
2025-12-14T14:49:46.611173,111111,user01,fail,2.52,
2025-12-14T14:49:46.615183,111111,user02,fail,3.01,
2025-12-14T14:49:46.619695,111111,user03,fail,4.51,
2025-12-14T14:49:46.624210,111111,user04,fail,4.52,
2025-12-14T14:49:46.628794,111111,user05,fail,4.58,
2025-12-14T14:49:46.633283,111111,user06,fail,4.49,
2025-12-14T14:49:46.638216,111111,user07,fail,4.93,
2025-12-14T14:49:46.641216,111111,user08,fail,3.0,
2025-12-14T14:49:46.644215,111111,user09,fail,3.0,
2025-12-14T14:49:46.647218,111111,user10,fail,3.0,
2025-12-14T14:49:46.919984,111111,user11,fail,272.77,
2025-12-14T14:49:47.195413,111111,user12,fail,275.43,
2025-12-14T14:49:47.487129,111111,user13,fail,291.72,
2025-12-14T14:49:47.791923,111111,user14,fail,304.79,
2025-12-14T14:49:48.096098,111111,user15,fail,304.17,
2025-12-14T14:49:48.399900,111111,user16,fail,303.8,
2025-12-14T14:49:48.707505,111111,user17,fail,307.6,
2025-12-14T14:49:49.052925,111111,user18,fail,345.42,
2025-12-14T14:49:49.345328,111111,user19,fail,292.4,
2025-12-14T14:49:49.616084,111111,user20,fail,270.76,
2025-12-14T14:49:49.687287,111111,user21,fail,71.2,
2025-12-14T14:49:49.755527,111111,user22,fail,68.24,
2025-12-14T14:49:49.838942,111111,user23,fail,83.41,
2025-12-14T14:49:49.941325,111111,user24,fail,102.38,
2025-12-14T14:49:50.045380,111111,user25,fail,104.05,
2025-12-14T14:49:50.148645,111111,user26,fail,103.26,
2025-12-14T14:49:50.248898,111111,user27,fail,98.25,
2025-12-14T14:49:50.349667,111111,user28,fail,100.77,
2025-12-14T14:49:50.451369,111111,user29,fail,100.69,
2025-12-14T14:49:50.579919,111111,user30,fail,128.55,
2025-12-14T14:49:50.584933,123123,user01,fail,5.01,
2025-12-14T14:49:50.590964,123123,user02,fail,6.03,
2025-12-14T14:49:50.594985,123123,user03,fail,4.02,
2025-12-14T14:49:50.599507,123123,user04,fail,4.52,
2025-12-14T14:49:50.606039,123123,user05,fail,6.53,
2025-12-14T14:49:50.609531,123123,user06,fail,3.49,
2025-12-14T14:49:50.613055,123123,user07,fail,3.52,
2025-12-14T14:49:50.617569,123123,user08,fail,4.51,
2025-12-14T14:49:50.621082,123123,user09,fail,3.51,
2025-12-14T14:49:50.624094,123123,user10,fail,3.01,
2025-12-14T14:49:50.951012,123123,user11,fail,326.92,
2025-12-14T14:49:51.227235,123123,user12,fail,276.22,
2025-12-14T14:49:51.481029,123123,user13,fail,253.79,
2025-12-14T14:49:51.723052,123123,user14,fail,242.02,
2025-12-14T14:49:51.967932,123123,user15,fail,244.88,
2025-12-14T14:49:52.211403,123123,user16,fail,243.47,
2025-12-14T14:49:52.457536,123123,user17,fail,246.13,
2025-12-14T14:49:52.747053,123123,user18,fail,289.52,
2025-12-14T14:49:53.030539,123123,user19,fail,283.49,
2025-12-14T14:49:53.301924,123123,user20,fail,271.39,
2025-12-14T14:49:53.367095,123123,user21,fail,65.17,
2025-12-14T14:49:53.433164,123123,user22,fail,66.07,
2025-12-14T14:49:53.496009,123123,user23,fail,62.84,
2025-12-14T14:49:53.562935,123123,user24,fail,66.93,
2025-12-14T14:49:53.626048,123123,user25,fail,63.11,
2025-12-14T14:49:53.689926,123123,user26,fail,63.88,
2025-12-14T14:49:53.754445,123123,user27,fail,64.52,
2025-12-14T14:49:53.826292,123123,user28,fail,71.85,
2025-12-14T14:49:53.902357,123123,user29,fail,76.07,
2025-12-14T14:49:53.975982,123123,user30,fail,73.63,
2025-12-14T14:49:53.982010,abc123,user01,fail,6.03,
2025-12-14T14:49:53.986019,abc123,user02,fail,4.01,
2025-12-14T14:49:53.990948,abc123,user03,fail,4.93,
2025-12-14T14:49:53.994965,abc123,user04,fail,4.02,
2025-12-14T14:49:53.999080,abc123,user05,fail,4.12,
2025-12-14T14:49:54.002061,abc123,user06,fail,2.98,
2025-12-14T14:49:54.005063,abc123,user07,fail,3.0,
2025-12-14T14:49:54.008400,abc123,user08,fail,3.34,
2025-12-14T14:49:54.012928,abc123,user09,fail,4.53,
2025-12-14T14:49:54.016944,abc123,user10,fail,4.02,
2025-12-14T14:49:54.292979,abc123,user11,fail,276.04,
2025-12-14T14:49:54.549754,abc123,user12,fail,256.77,
2025-12-14T14:49:54.802387,abc123,user13,fail,252.63,
2025-12-14T14:49:55.089461,abc123,user14,fail,287.07,
2025-12-14T14:49:55.357291,abc123,user15,fail,267.83,
2025-12-14T14:49:55.618920,abc123,user16,fail,261.63,
2025-12-14T14:49:55.873066,abc123,user17,fail,254.15,
2025-12-14T14:49:56.129932,abc123,user18,fail,256.87,
2025-12-14T14:49:56.386164,abc123,user19,fail,256.23,
2025-12-14T14:49:56.639674,abc123,user20,fail,253.51,
2025-12-14T14:49:56.714451,abc123,user21,fail,74.78,
2025-12-14T14:49:56.799706,abc123,user22,fail,85.25,
2025-12-14T14:49:56.871235,abc123,user23,fail,71.53,
2025-12-14T14:49:56.935946,abc123,user24,fail,64.71,
2025-12-14T14:49:57.006048,abc123,user25,fail,70.1,
2025-12-14T14:49:57.072318,abc123,user26,fail,66.27,
2025-12-14T14:49:57.138764,abc123,user27,fail,66.45,
2025-12-14T14:49:57.209826,abc123,user28,fail,71.06,
2025-12-14T14:49:57.281032,abc123,user29,fail,71.21,
2025-12-14T14:49:57.351114,abc123,user30,fail,70.08,
2025-12-14T14:49:57.356112,password1,user01,fail,5.0,
2025-12-14T14:49:57.361136,password1,user02,fail,5.02,
2025-12-14T14:49:57.367691,password1,user03,fail,6.55,
2025-12-14T14:49:57.376301,password1,user04,fail,8.61,
2025-12-14T14:49:57.379754,password1,user05,fail,3.45,
2025-12-14T14:49:57.385271,password1,user06,fail,5.52,
2025-12-14T14:49:57.389781,password1,user07,fail,4.51,
2025-12-14T14:49:57.396304,password1,user08,fail,6.52,
2025-12-14T14:49:57.403350,password1,user09,fail,7.05,
2025-12-14T14:49:57.408884,password1,user10,fail,5.53,
2025-12-14T14:49:57.722186,password1,user11,fail,313.3,
2025-12-14T14:49:58.046242,password1,user12,fail,324.06,
2025-12-14T14:49:58.328077,password1,user13,fail,281.84,
2025-12-14T14:49:58.589871,password1,user14,fail,261.79,
2025-12-14T14:49:58.843076,password1,user15,fail,253.2,
2025-12-14T14:49:59.094309,password1,user16,fail,251.23,
2025-12-14T14:49:59.381399,password1,user17,fail,287.09,
2025-12-14T14:49:59.665142,password1,user18,fail,283.74,
2025-12-14T14:49:59.935177,password1,user19,fail,270.03,
2025-12-14T14:50:00.205115,password1,user20,fail,269.94,
2025-12-14T14:50:00.270005,password1,user21,fail,64.89,
2025-12-14T14:50:00.329590,password1,user22,fail,59.59,
2025-12-14T14:50:00.392147,password1,user23,fail,62.56,
2025-12-14T14:50:00.455326,password1,user24,fail,63.18,
2025-12-14T14:50:00.519570,password1,user25,fail,64.24,
2025-12-14T14:50:00.592288,password1,user26,fail,72.72,
2025-12-14T14:50:00.661369,password1,user27,fail,69.08,
2025-12-14T14:50:00.726961,password1,user28,fail,64.57,
2025-12-14T14:50:00.788422,password1,user29,fail,61.46,
2025-12-14T14:50:00.852132,password1,user30,fail,63.71,
2025-12-14T14:50:00.858259,qwerty123,user01,fail,5.12,
2025-12-14T14:50:00.861227,qwerty123,user02,fail,2.97,
2025-12-14T14:50:00.864233,qwerty123,user03,fail,3.01,
2025-12-14T14:50:00.867230,qwerty123,user04,fail,3.0,
2025-12-14T14:50:00.871237,qwerty123,user05,fail,4.01,
2025-12-14T14:50:00.874239,qwerty123,user06,fail,3.0,
2025-12-14T14:50:00.879872,qwerty123,user07,fail,5.63,
2025-12-14T14:50:00.884393,qwerty123,user08,fail,4.52,
2025-12-14T14:50:00.889929,qwerty123,user09,fail,5.54,
2025-12-14T14:50:00.895466,qwerty123,user10,fail,5.54,
2025-12-14T14:50:01.159303,qwerty123,user11,fail,263.84,
2025-12-14T14:50:01.413047,qwerty123,user12,fail,253.74,
2025-12-14T14:50:01.675390,qwerty123,user13,fail,262.34,
2025-12-14T14:50:01.972191,qwerty123,user14,fail,296.8,
2025-12-14T14:50:02.329890,qwerty123,user15,fail,357.7,
2025-12-14T14:50:02.844215,qwerty123,user16,fail,514.33,
2025-12-14T14:50:03.309626,qwerty123,user17,fail,464.41,
2025-12-14T14:50:03.687715,qwerty123,user18,fail,378.09,
2025-12-14T14:50:04.045889,qwerty123,user19,fail,358.17,
2025-12-14T14:50:04.396147,qwerty123,user20,fail,350.26,
2025-12-14T14:50:04.489478,qwerty123,user21,fail,93.33,
2025-12-14T14:50:04.582853,qwerty123,user22,fail,93.38,
2025-12-14T14:50:04.681312,qwerty123,user23,fail,98.46,
2025-12-14T14:50:04.769275,qwerty123,user24,fail,87.96,
2025-12-14T14:50:04.869205,qwerty123,user25,fail,99.93,
2025-12-14T14:50:04.975217,qwerty123,user26,fail,106.01,
2025-12-14T14:50:05.073119,qwerty123,user27,fail,97.9,
2025-12-14T14:50:05.165247,qwerty123,user28,fail,92.13,
2025-12-14T14:50:05.277072,qwerty123,user29,fail,111.82,
2025-12-14T14:50:05.392941,qwerty123,user30,fail,115.87,
2025-12-14T14:50:05.398190,admin,user01,fail,5.25,
2025-12-14T14:50:05.403190,admin,user02,fail,5.0,
2025-12-14T14:50:05.408706,admin,user03,fail,5.52,
2025-12-14T14:50:05.414229,admin,user04,fail,5.52,
2025-12-14T14:50:05.419740,admin,user05,fail,5.51,
2025-12-14T14:50:05.425779,admin,user06,fail,6.04,
2025-12-14T14:50:05.430807,admin,user07,fail,5.03,
2025-12-14T14:50:05.435828,admin,user08,fail,5.02,
2025-12-14T14:50:05.441178,admin,user09,fail,5.35,
2025-12-14T14:50:05.446179,admin,user10,fail,5.0,
2025-12-14T14:50:05.825689,admin,user11,fail,379.51,
2025-12-14T14:50:06.199459,admin,user12,fail,373.77,
2025-12-14T14:50:06.565808,admin,user13,fail,366.35,
2025-12-14T14:50:06.928975,admin,user14,fail,363.17,
2025-12-14T14:50:07.319770,admin,user15,fail,390.79,
2025-12-14T14:50:07.683024,admin,user16,fail,363.25,
2025-12-14T14:50:08.058404,admin,user17,fail,375.38,
2025-12-14T14:50:08.387025,admin,user18,fail,328.62,
2025-12-14T14:50:08.669375,admin,user19,fail,282.35,
2025-12-14T14:50:08.949841,admin,user20,fail,280.47,
2025-12-14T14:50:09.016208,admin,user21,fail,66.37,
2025-12-14T14:50:09.086023,admin,user22,fail,69.82,
2025-12-14T14:50:09.171387,admin,user23,fail,85.36,
2025-12-14T14:50:09.251076,admin,user24,fail,78.68,
2025-12-14T14:50:09.315388,admin,user25,fail,64.31,
2025-12-14T14:50:09.381971,admin,user26,fail,66.58,
2025-12-14T14:50:09.454208,admin,user27,fail,72.24,
2025-12-14T14:50:09.539701,admin,user28,fail,85.49,
2025-12-14T14:50:09.609575,admin,user29,fail,69.87,
2025-12-14T14:50:09.675294,admin,user30,fail,65.72,
2025-12-14T14:50:09.679810,letmein,user01,fail,4.52,
2025-12-14T14:50:09.684327,letmein,user02,fail,4.52,
2025-12-14T14:50:09.688925,letmein,user03,fail,4.6,
2025-12-14T14:50:09.692360,letmein,user04,fail,3.43,
2025-12-14T14:50:09.696869,letmein,user05,fail,3.5,
2025-12-14T14:50:09.701910,letmein,user06,fail,4.04,
2025-12-14T14:50:09.706922,letmein,user07,fail,5.01,
2025-12-14T14:50:09.710364,letmein,user08,fail,3.44,
2025-12-14T14:50:09.714881,letmein,user09,fail,4.52,
2025-12-14T14:50:09.718100,letmein,user10,fail,2.0,
2025-12-14T14:50:09.985195,letmein,user11,fail,267.09,
2025-12-14T14:50:10.249870,letmein,user12,fail,264.67,
2025-12-14T14:50:10.513016,letmein,user13,fail,263.15,
2025-12-14T14:50:10.775316,letmein,user14,fail,262.3,
2025-12-14T14:50:11.036073,letmein,user15,fail,260.76,
2025-12-14T14:50:11.293451,letmein,user16,fail,257.38,
2025-12-14T14:50:11.564311,letmein,user17,fail,270.86,
2025-12-14T14:50:11.829837,letmein,user18,fail,265.53,
2025-12-14T14:50:12.102353,letmein,user19,fail,272.52,
2025-12-14T14:50:12.356984,letmein,user20,fail,254.63,
2025-12-14T14:50:12.417950,letmein,user21,fail,60.97,
2025-12-14T14:50:12.504365,letmein,user22,fail,86.41,
2025-12-14T14:50:12.588704,letmein,user23,fail,83.36,
2025-12-14T14:50:12.658370,letmein,user24,fail,69.67,
2025-12-14T14:50:12.728407,letmein,user25,fail,70.04,
2025-12-14T14:50:12.793314,letmein,user26,fail,64.91,
2025-12-14T14:50:12.859772,letmein,user27,fail,66.46,
2025-12-14T14:50:12.924998,letmein,user28,fail,65.23,
2025-12-14T14:50:12.995118,letmein,user29,fail,70.12,
2025-12-14T14:50:13.065119,letmein,user30,fail,70.0,
2025-12-14T14:50:13.070299,iloveyou,user01,fail,4.18,
2025-12-14T14:50:13.074405,iloveyou,user02,fail,4.11,
2025-12-14T14:50:13.079018,iloveyou,user03,fail,4.61,
2025-12-14T14:50:13.082893,iloveyou,user04,fail,3.88,
2025-12-14T14:50:13.088468,iloveyou,user05,fail,5.57,
2025-12-14T14:50:13.092283,iloveyou,user06,fail,3.81,
2025-12-14T14:50:13.096975,iloveyou,user07,fail,4.69,
2025-12-14T14:50:13.101982,iloveyou,user08,fail,5.01,
2025-12-14T14:50:13.106102,iloveyou,user09,fail,4.12,
2025-12-14T14:50:13.108500,iloveyou,user10,fail,2.4,
2025-12-14T14:50:13.368638,iloveyou,user11,fail,260.14,
2025-12-14T14:50:13.635865,iloveyou,user12,fail,267.23,
2025-12-14T14:50:13.912234,iloveyou,user13,fail,276.37,
2025-12-14T14:50:14.183052,iloveyou,user14,fail,270.82,
2025-12-14T14:50:14.448871,iloveyou,user15,fail,265.82,
2025-12-14T14:50:14.711391,iloveyou,user16,fail,262.52,
2025-12-14T14:50:14.964095,iloveyou,user17,fail,252.7,
2025-12-14T14:50:15.215452,iloveyou,user18,fail,251.36,
2025-12-14T14:50:15.490520,iloveyou,user19,fail,275.07,
2025-12-14T14:50:15.826198,iloveyou,user20,fail,335.68,
2025-12-14T14:50:15.948221,iloveyou,user21,fail,122.02,
2025-12-14T14:50:16.059425,iloveyou,user22,fail,111.2,
2025-12-14T14:50:16.154097,iloveyou,user23,fail,93.14,
2025-12-14T14:50:16.242784,iloveyou,user24,fail,88.69,
2025-12-14T14:50:16.325239,iloveyou,user25,fail,82.45,
2025-12-14T14:50:16.403842,iloveyou,user26,fail,78.6,
2025-12-14T14:50:16.473149,iloveyou,user27,fail,69.31,
2025-12-14T14:50:16.539852,iloveyou,user28,fail,66.7,
2025-12-14T14:50:16.607566,iloveyou,user29,fail,67.71,
2025-12-14T14:50:16.675386,iloveyou,user30,fail,67.82,
2025-12-14T14:50:16.679908,welcome,user01,fail,4.52,
2025-12-14T14:50:16.684899,welcome,user02,fail,4.99,
2025-12-14T14:50:16.688372,welcome,user03,fail,3.47,
2025-12-14T14:50:16.693195,welcome,user04,fail,4.82,
2025-12-14T14:50:16.697117,welcome,user05,fail,3.92,
2025-12-14T14:50:16.700965,welcome,user06,fail,3.85,
2025-12-14T14:50:16.704070,welcome,user07,fail,3.11,
2025-12-14T14:50:16.707066,welcome,user08,fail,3.0,
2025-12-14T14:50:16.710172,welcome,user09,fail,3.11,
2025-12-14T14:50:16.714172,welcome,user10,fail,4.0,
2025-12-14T14:50:17.019620,welcome,user11,fail,305.45,
2025-12-14T14:50:17.316013,welcome,user12,fail,296.39,
2025-12-14T14:50:17.655000,welcome,user13,fail,338.99,
2025-12-14T14:50:18.006131,welcome,user14,fail,351.13,
2025-12-14T14:50:18.411261,welcome,user15,fail,405.13,
2025-12-14T14:50:18.855290,welcome,user16,fail,444.03,
2025-12-14T14:50:19.295237,welcome,user17,fail,439.95,
2025-12-14T14:50:19.639661,welcome,user18,fail,342.92,
2025-12-14T14:50:19.978893,welcome,user19,fail,339.23,
2025-12-14T14:50:20.537021,welcome,user20,fail,558.13,
2025-12-14T14:50:21.312929,welcome,user21,fail,775.91,
2025-12-14T14:50:21.685314,welcome,user22,fail,372.39,
2025-12-14T14:50:22.022253,welcome,user23,fail,336.94,
2025-12-14T14:50:22.209411,welcome,user24,fail,187.16,
2025-12-14T14:50:22.552358,welcome,user25,fail,342.95,
2025-12-14T14:50:22.790927,welcome,user26,fail,238.57,
2025-12-14T14:50:23.061250,welcome,user27,fail,269.31,
2025-12-14T14:50:23.195336,welcome,user28,fail,134.09,
2025-12-14T14:50:23.345230,welcome,user29,fail,149.89,
2025-12-14T14:50:23.506200,welcome,user30,fail,159.97,
2025-12-14T14:50:23.512236,monkey,user01,fail,6.04,
2025-12-14T14:50:23.517757,monkey,user02,fail,5.52,
2025-12-14T14:50:23.523273,monkey,user03,success,5.52,
2025-12-14T14:50:23.528803,monkey,user04,fail,5.53,
2025-12-14T14:50:23.533815,monkey,user05,fail,5.01,
2025-12-14T14:50:23.538083,monkey,user06,fail,4.27,
2025-12-14T14:50:23.544094,monkey,user07,fail,6.01,
2025-12-14T14:50:23.551623,monkey,user08,fail,7.53,
2025-12-14T14:50:23.557143,monkey,user09,fail,5.52,
2025-12-14T14:50:23.563158,monkey,user10,fail,6.02,
2025-12-14T14:50:23.955798,monkey,user11,fail,392.64,
2025-12-14T14:50:24.334991,monkey,user12,fail,379.19,
2025-12-14T14:50:24.682106,monkey,user13,fail,347.12,
2025-12-14T14:50:25.050870,monkey,user14,fail,368.76,
2025-12-14T14:50:25.402157,monkey,user15,fail,351.29,
2025-12-14T14:50:25.742043,monkey,user16,fail,339.89,
2025-12-14T14:50:26.075202,monkey,user17,fail,333.16,
2025-12-14T14:50:26.462975,monkey,user18,fail,387.77,
2025-12-14T14:50:26.826688,monkey,user19,fail,363.71,
2025-12-14T14:50:27.185992,monkey,user20,fail,359.3,
2025-12-14T14:50:27.309359,monkey,user21,fail,122.36,
2025-12-14T14:50:27.428285,monkey,user22,fail,118.93,
2025-12-14T14:50:27.523871,monkey,user23,fail,95.59,
2025-12-14T14:50:27.628019,monkey,user24,fail,104.15,
2025-12-14T14:50:27.713818,monkey,user25,fail,85.8,
2025-12-14T14:50:27.849427,monkey,user26,fail,135.61,
2025-12-14T14:50:28.113751,monkey,user27,fail,264.32,
2025-12-14T14:50:28.353699,monkey,user28,fail,238.93,
2025-12-14T14:50:28.487725,monkey,user29,fail,134.03,
2025-12-14T14:50:28.720168,monkey,user30,fail,232.44,
2025-12-14T14:50:28.733222,dragon,user01,fail,12.06,
2025-12-14T14:50:28.757822,dragon,user02,fail,22.59,
2025-12-14T14:50:28.774940,dragon,user03,fail,17.12,
2025-12-14T14:50:28.799658,dragon,user04,fail,23.71,
2025-12-14T14:50:28.811279,dragon,user05,fail,11.62,
2025-12-14T14:50:28.817808,dragon,user06,fail,5.52,
2025-12-14T14:50:28.824330,dragon,user07,fail,6.52,
2025-12-14T14:50:28.829847,dragon,user08,fail,5.52,
2025-12-14T14:50:28.834851,dragon,user09,fail,5.0,
2025-12-14T14:50:28.838493,dragon,user10,fail,3.64,
2025-12-14T14:50:29.330017,dragon,user11,fail,491.52,
2025-12-14T14:50:29.658258,dragon,user12,fail,328.24,
2025-12-14T14:50:29.939787,dragon,user13,fail,281.53,
2025-12-14T14:50:30.200045,dragon,user14,fail,260.26,
2025-12-14T14:50:30.539157,dragon,user15,fail,339.11,
2025-12-14T14:50:30.919608,dragon,user16,fail,380.45,
2025-12-14T14:50:31.201912,dragon,user17,fail,282.3,
2025-12-14T14:50:31.518593,dragon,user18,fail,315.67,
2025-12-14T14:50:31.874456,dragon,user19,fail,355.86,
2025-12-14T14:50:32.275106,dragon,user20,fail,400.65,
2025-12-14T14:50:32.417503,dragon,user21,fail,142.4,
2025-12-14T14:50:32.631208,dragon,user22,fail,213.19,
2025-12-14T14:50:32.790160,dragon,user23,fail,158.44,
2025-12-14T14:50:32.988758,dragon,user24,fail,198.6,
2025-12-14T14:50:33.143549,dragon,user25,fail,154.28,
2025-12-14T14:50:33.236860,dragon,user26,fail,93.31,
2025-12-14T14:50:33.312264,dragon,user27,fail,75.4,
2025-12-14T14:50:33.432365,dragon,user28,fail,120.1,
2025-12-14T14:50:33.510941,dragon,user29,fail,78.58,
2025-12-14T14:50:33.582905,dragon,user30,fail,71.96,
2025-12-14T14:50:33.586905,sunshine,user01,fail,4.0,
2025-12-14T14:50:33.591200,sunshine,user02,fail,4.3,
2025-12-14T14:50:33.594090,sunshine,user03,fail,2.89,
2025-12-14T14:50:33.599185,sunshine,user04,fail,5.1,
2025-12-14T14:50:33.603198,sunshine,user05,fail,4.01,
2025-12-14T14:50:33.607711,sunshine,user06,fail,4.51,
2025-12-14T14:50:33.611218,sunshine,user07,fail,3.51,
2025-12-14T14:50:33.615303,sunshine,user08,fail,4.09,
2025-12-14T14:50:33.618895,sunshine,user09,fail,2.56,
2025-12-14T14:50:33.622332,sunshine,user10,fail,3.44,
2025-12-14T14:50:33.895064,sunshine,user11,fail,272.73,
2025-12-14T14:50:34.157077,sunshine,user12,fail,262.01,
2025-12-14T14:50:34.407039,sunshine,user13,fail,249.96,
2025-12-14T14:50:34.662883,sunshine,user14,fail,255.84,
2025-12-14T14:50:34.909153,sunshine,user15,fail,246.27,
2025-12-14T14:50:35.155878,sunshine,user16,fail,246.73,
2025-12-14T14:50:35.403994,sunshine,user17,fail,248.12,
2025-12-14T14:50:35.649005,sunshine,user18,fail,245.01,
2025-12-14T14:50:35.894996,sunshine,user19,fail,245.99,
2025-12-14T14:50:36.138295,sunshine,user20,fail,243.3,
2025-12-14T14:50:36.205220,sunshine,user21,fail,66.93,
2025-12-14T14:50:36.273026,sunshine,user22,fail,67.81,
2025-12-14T14:50:36.337974,sunshine,user23,fail,64.95,
2025-12-14T14:50:36.398572,sunshine,user24,fail,60.6,
2025-12-14T14:50:36.462884,sunshine,user25,fail,64.31,
2025-12-14T14:50:36.524670,sunshine,user26,fail,61.79,
2025-12-14T14:50:36.589706,sunshine,user27,fail,65.04,
2025-12-14T14:50:36.657042,sunshine,user28,fail,67.34,
2025-12-14T14:50:36.720864,sunshine,user29,fail,63.82,
2025-12-14T14:50:36.784116,sunshine,user30,fail,63.25,
2025-12-14T14:50:36.790892,princess,user01,fail,6.78,
2025-12-14T14:50:36.794954,princess,user02,fail,4.06,
2025-12-14T14:50:36.799570,princess,user03,fail,4.62,
2025-12-14T14:50:36.804090,princess,user04,fail,4.52,
2025-12-14T14:50:36.808854,princess,user05,fail,4.76,
2025-12-14T14:50:36.813318,princess,user06,fail,4.46,
2025-12-14T14:50:36.816776,princess,user07,fail,3.46,
2025-12-14T14:50:36.821298,princess,user08,fail,4.52,
2025-12-14T14:50:36.823916,princess,user09,fail,2.62,
2025-12-14T14:50:36.826915,princess,user10,fail,3.0,
2025-12-14T14:50:37.131002,princess,user11,fail,304.09,
2025-12-14T14:50:37.483209,princess,user12,fail,352.21,
2025-12-14T14:50:37.845344,princess,user13,fail,362.13,
2025-12-14T14:50:38.281879,princess,user14,fail,436.54,
2025-12-14T14:50:38.638762,princess,user15,fail,356.36,
2025-12-14T14:50:38.971879,princess,user16,fail,333.12,
2025-12-14T14:50:39.287042,princess,user17,fail,315.16,
2025-12-14T14:50:39.591771,princess,user18,fail,304.19,
2025-12-14T14:50:39.866847,princess,user19,fail,275.08,
2025-12-14T14:50:40.132969,princess,user20,fail,266.12,
2025-12-14T14:50:40.263525,princess,user21,fail,130.56,
2025-12-14T14:50:40.339040,princess,user22,fail,75.51,
2025-12-14T14:50:40.419625,princess,user23,fail,80.59,
2025-12-14T14:50:40.528341,princess,user24,fail,108.72,
2025-12-14T14:50:40.607957,princess,user25,fail,79.62,
2025-12-14T14:50:40.673198,princess,user26,fail,65.24,
2025-12-14T14:50:40.736791,princess,user27,fail,63.59,
2025-12-14T14:50:40.803712,princess,user28,fail,66.92,
2025-12-14T14:50:40.865143,princess,user29,fail,61.43,
2025-12-14T14:50:40.929306,princess,user30,fail,64.16,
2025-12-14T14:50:40.933880,football,user01,fail,4.57,
2025-12-14T14:50:40.938361,football,user02,fail,4.48,
2025-12-14T14:50:40.942927,football,user03,fail,4.57,
2025-12-14T14:50:40.947385,football,user04,success,4.46,
2025-12-14T14:50:40.952918,football,user05,fail,5.53,
2025-12-14T14:50:40.956924,football,user06,fail,4.01,
2025-12-14T14:50:40.961205,football,user07,fail,4.28,
2025-12-14T14:50:40.965202,football,user08,fail,4.0,
2025-12-14T14:50:40.981292,football,user09,fail,16.09,
2025-12-14T14:50:40.994718,football,user10,fail,12.03,
2025-12-14T14:50:41.314155,football,user11,fail,319.44,
2025-12-14T14:50:41.598246,football,user12,fail,284.09,
2025-12-14T14:50:41.869543,football,user13,fail,271.3,
2025-12-14T14:50:42.139335,football,user14,fail,269.79,
2025-12-14T14:50:42.412808,football,user15,fail,273.47,
2025-12-14T14:50:42.696980,football,user16,fail,284.17,
2025-12-14T14:50:42.994091,football,user17,fail,297.11,
2025-12-14T14:50:43.295775,football,user18,fail,300.72,
2025-12-14T14:50:43.575204,football,user19,fail,279.43,
2025-12-14T14:50:43.836738,football,user20,fail,261.53,
2025-12-14T14:50:43.915828,football,user21,fail,79.09,
2025-12-14T14:50:43.983975,football,user22,fail,67.15,
2025-12-14T14:50:44.046883,football,user23,fail,62.91,
2025-12-14T14:50:44.109575,football,user24,fail,62.69,
2025-12-14T14:50:44.171298,football,user25,fail,61.72,
2025-12-14T14:50:44.238526,football,user26,fail,67.23,
2025-12-14T14:50:44.310096,football,user27,fail,71.57,
2025-12-14T14:50:44.386883,football,user28,fail,76.79,
2025-12-14T14:50:44.459398,football,user29,fail,72.01,
2025-12-14T14:50:44.525733,football,user30,fail,66.33,
2025-12-14T14:50:44.530841,login,user01,fail,4.11,
2025-12-14T14:50:44.534921,login,user02,fail,4.08,
2025-12-14T14:50:44.539408,login,user03,fail,4.49,
2025-12-14T14:50:44.542929,login,user04,fail,3.52,
2025-12-14T14:50:44.545929,login,user05,fail,3.0,
2025-12-14T14:50:44.549443,login,user06,fail,3.51,
2025-12-14T14:50:44.552963,login,user07,fail,3.52,
2025-12-14T14:50:44.557561,login,user08,fail,4.6,
2025-12-14T14:50:44.561075,login,user09,fail,3.51,
2025-12-14T14:50:44.565083,login,user10,fail,4.01,
2025-12-14T14:50:44.836893,login,user11,fail,271.81,
2025-12-14T14:50:45.099826,login,user12,fail,262.03,
2025-12-14T14:50:45.363040,login,user13,fail,263.21,
2025-12-14T14:50:45.626904,login,user14,fail,262.86,
2025-12-14T14:50:45.883848,login,user15,fail,256.94,
2025-12-14T14:50:46.139807,login,user16,fail,255.96,
2025-12-14T14:50:46.385243,login,user17,fail,245.44,
2025-12-14T14:50:46.635211,login,user18,fail,249.97,
2025-12-14T14:50:46.879623,login,user19,fail,242.8,
2025-12-14T14:50:47.128879,login,user20,fail,249.26,
2025-12-14T14:50:47.205300,login,user21,fail,76.42,
2025-12-14T14:50:47.269380,login,user22,fail,64.08,
2025-12-14T14:50:47.337840,login,user23,fail,68.46,
2025-12-14T14:50:47.403172,login,user24,fail,65.33,
2025-12-14T14:50:47.467004,login,user25,fail,63.83,
2025-12-14T14:50:47.532423,login,user26,fail,65.42,
2025-12-14T14:50:47.599525,login,user27,fail,67.1,
2025-12-14T14:50:47.669691,login,user28,fail,70.17,
2025-12-14T14:50:47.734589,login,user29,fail,64.9,
2025-12-14T14:50:47.794792,login,user30,fail,60.2,
2025-12-14T14:50:47.799568,passw0rd,user01,fail,3.65,
2025-12-14T14:50:47.804080,passw0rd,user02,fail,4.51,
2025-12-14T14:50:47.809640,passw0rd,user03,fail,5.56,
2025-12-14T14:50:47.814203,passw0rd,user04,fail,4.56,
2025-12-14T14:50:47.817787,passw0rd,user05,fail,3.58,
2025-12-14T14:50:47.822871,passw0rd,user06,fail,5.08,
2025-12-14T14:50:47.825774,passw0rd,user07,fail,2.9,
2025-12-14T14:50:47.829198,passw0rd,user08,fail,3.42,
2025-12-14T14:50:47.833302,passw0rd,user09,fail,4.1,
2025-12-14T14:50:47.838822,passw0rd,user10,fail,5.52,
2025-12-14T14:50:48.082915,passw0rd,user11,fail,244.09,
2025-12-14T14:50:48.329785,passw0rd,user12,fail,246.87,
2025-12-14T14:50:48.575819,passw0rd,user13,fail,246.03,
2025-12-14T14:50:48.825321,passw0rd,user14,fail,249.5,
2025-12-14T14:50:49.069840,passw0rd,user15,fail,244.52,
2025-12-14T14:50:49.316900,passw0rd,user16,fail,247.06,
2025-12-14T14:50:49.569290,passw0rd,user17,fail,252.39,
2025-12-14T14:50:49.856746,passw0rd,user18,fail,287.46,
2025-12-14T14:50:50.143131,passw0rd,user19,fail,286.39,
2025-12-14T14:50:50.435469,passw0rd,user20,fail,292.34,
2025-12-14T14:50:50.501137,passw0rd,user21,fail,65.67,
2025-12-14T14:50:50.579756,passw0rd,user22,fail,78.62,
2025-12-14T14:50:50.709586,passw0rd,user23,fail,129.83,
2025-12-14T14:50:50.773038,passw0rd,user24,fail,63.45,
2025-12-14T14:50:50.840783,passw0rd,user25,fail,67.74,
2025-12-14T14:50:50.909310,passw0rd,user26,fail,68.53,
2025-12-14T14:50:50.972050,passw0rd,user27,fail,62.74,
2025-12-14T14:50:51.048817,passw0rd,user28,fail,76.77,
2025-12-14T14:50:51.113167,passw0rd,user29,fail,64.35,
2025-12-14T14:50:51.182744,passw0rd,user30,fail,69.58,
2025-12-14T14:50:51.186742,baseball,user01,fail,4.0,
2025-12-14T14:50:51.191733,baseball,user02,fail,4.99,
2025-12-14T14:50:51.196739,baseball,user03,fail,5.01,
2025-12-14T14:50:51.200705,baseball,user04,fail,3.97,
2025-12-14T14:50:51.204020,baseball,user05,fail,3.31,
2025-12-14T14:50:51.208534,baseball,user06,fail,4.51,
2025-12-14T14:50:51.213065,baseball,user07,fail,4.53,
2025-12-14T14:50:51.217643,baseball,user08,fail,4.58,
2025-12-14T14:50:51.222111,baseball,user09,fail,4.47,
2025-12-14T14:50:51.225881,baseball,user10,fail,3.77,
2025-12-14T14:50:51.484207,baseball,user11,fail,257.28,
2025-12-14T14:50:51.734248,baseball,user12,fail,250.04,
2025-12-14T14:50:51.988326,baseball,user13,fail,254.08,
2025-12-14T14:50:52.231723,baseball,user14,fail,243.4,
2025-12-14T14:50:52.479273,baseball,user15,fail,247.55,
2025-12-14T14:50:52.742878,baseball,user16,fail,263.6,
2025-12-14T14:50:52.999297,baseball,user17,fail,256.42,
2025-12-14T14:50:53.263739,baseball,user18,fail,264.44,
2025-12-14T14:50:53.517476,baseball,user19,fail,253.74,
2025-12-14T14:50:53.773792,baseball,user20,fail,256.32,
2025-12-14T14:50:53.845751,baseball,user21,fail,71.96,
2025-12-14T14:50:53.913812,baseball,user22,fail,68.06,
2025-12-14T14:50:53.982168,baseball,user23,fail,67.35,
2025-12-14T14:50:54.049835,baseball,user24,fail,67.67,
2025-12-14T14:50:54.110727,baseball,user25,fail,60.89,
2025-12-14T14:50:54.187738,baseball,user26,fail,77.01,
2025-12-14T14:50:54.269627,baseball,user27,fail,80.86,
2025-12-14T14:50:54.341144,baseball,user28,fail,70.01,
2025-12-14T14:50:54.419423,baseball,user29,fail,78.28,
2025-12-14T14:50:54.483113,baseball,user30,fail,63.69,
2025-12-14T14:50:54.487634,superman,user01,fail,4.52,
2025-12-14T14:50:54.492146,superman,user02,fail,4.51,
2025-12-14T14:50:54.496675,superman,user03,fail,3.53,
2025-12-14T14:50:54.500682,superman,user04,fail,4.01,
2025-12-14T14:50:54.505683,superman,user05,fail,5.0,
2025-12-14T14:50:54.510861,superman,user06,fail,5.18,
2025-12-14T14:50:54.513894,superman,user07,fail,3.03,
2025-12-14T14:50:54.518222,superman,user08,fail,4.33,
2025-12-14T14:50:54.521799,superman,user09,fail,3.58,
2025-12-14T14:50:54.527374,superman,user10,fail,5.58,
2025-12-14T14:50:54.781779,superman,user11,fail,254.41,
2025-12-14T14:50:55.045051,superman,user12,fail,263.27,
2025-12-14T14:50:55.311768,superman,user13,fail,266.72,
2025-12-14T14:50:55.569307,superman,user14,fail,256.4,
2025-12-14T14:50:55.837307,superman,user15,fail,268.0,
2025-12-14T14:50:56.102034,superman,user16,fail,264.73,
2025-12-14T14:50:56.371068,superman,user17,fail,269.03,
2025-12-14T14:50:56.651083,superman,user18,fail,280.01,
2025-12-14T14:50:56.951781,superman,user19,fail,300.7,
2025-12-14T14:50:57.295973,superman,user20,fail,344.19,
2025-12-14T14:50:57.377245,superman,user21,fail,81.27,
2025-12-14T14:50:57.486697,superman,user22,fail,109.45,
2025-12-14T14:50:57.576921,superman,user23,fail,90.22,
2025-12-14T14:50:57.663051,superman,user24,fail,86.13,
2025-12-14T14:50:57.742862,superman,user25,fail,79.81,
2025-12-14T14:50:57.835597,superman,user26,fail,92.73,
2025-12-14T14:50:57.978314,superman,user27,fail,142.72,
2025-12-14T14:50:58.125000,superman,user28,fail,146.69,
2025-12-14T14:50:58.324025,superman,user29,fail,199.02,
2025-12-14T14:50:58.544977,superman,user30,fail,220.95,
2025-12-14T14:50:58.561043,trustno1,user01,fail,15.07,
2025-12-14T14:50:58.571085,trustno1,user02,fail,10.04,
2025-12-14T14:50:58.623820,trustno1,user03,fail,51.72,
2025-12-14T14:50:58.639562,trustno1,user04,fail,15.74,
2025-12-14T14:50:58.696689,trustno1,user05,fail,56.62,
2025-12-14T14:50:58.708846,trustno1,user06,fail,12.16,
2025-12-14T14:50:58.715428,trustno1,user07,fail,6.58,
2025-12-14T14:50:58.727204,trustno1,user08,fail,11.78,
2025-12-14T14:50:58.736832,trustno1,user09,fail,9.63,
2025-12-14T14:50:58.744083,trustno1,user10,fail,7.25,
2025-12-14T14:50:59.305753,trustno1,user11,fail,561.67,
2025-12-14T14:50:59.846875,trustno1,user12,fail,541.12,
2025-12-14T14:51:00.440732,trustno1,user13,fail,593.35,
2025-12-14T14:51:00.913686,trustno1,user14,fail,472.95,
2025-12-14T14:51:01.435367,trustno1,user15,fail,521.68,
2025-12-14T14:51:02.005463,trustno1,user16,fail,569.59,
2025-12-14T14:51:02.577289,trustno1,user17,fail,571.83,
2025-12-14T14:51:02.965007,trustno1,user18,fail,387.72,
2025-12-14T14:51:03.343034,trustno1,user19,fail,378.03,
2025-12-14T14:51:03.694873,trustno1,user20,fail,351.84,
2025-12-14T14:51:03.773642,trustno1,user21,fail,78.77,
2025-12-14T14:51:03.847565,trustno1,user22,fail,72.93,
2025-12-14T14:51:03.920568,trustno1,user23,fail,73.0,
2025-12-14T14:51:03.991603,trustno1,user24,fail,71.04,
2025-12-14T14:51:04.062781,trustno1,user25,fail,71.18,
2025-12-14T14:51:04.146703,trustno1,user26,fail,83.92,
2025-12-14T14:51:04.250824,trustno1,user27,fail,104.12,
2025-12-14T14:51:04.337614,trustno1,user28,fail,86.79,
2025-12-14T14:51:04.427812,trustno1,user29,fail,90.2,
2025-12-14T14:51:04.509896,trustno1,user30,fail,82.08,
2025-12-14T14:51:04.514894,master,user01,fail,4.0,
2025-12-14T14:51:04.520919,master,user02,fail,6.03,
2025-12-14T14:51:04.526926,master,user03,fail,6.01,
2025-12-14T14:51:04.529439,master,user04,fail,2.51,
2025-12-14T14:51:04.533954,master,user05,fail,4.52,
2025-12-14T14:51:04.539881,master,user06,fail,5.93,
2025-12-14T14:51:04.544880,master,user07,fail,5.0,
2025-12-14T14:51:04.548225,master,user08,fail,3.34,
2025-12-14T14:51:04.554764,master,user09,fail,6.54,
2025-12-14T14:51:04.558053,master,user10,fail,3.29,
2025-12-14T14:51:04.919214,master,user11,fail,361.16,
2025-12-14T14:51:05.279734,master,user12,fail,360.52,
2025-12-14T14:51:05.591276,master,user13,fail,311.54,
2025-12-14T14:51:06.008334,master,user14,fail,416.54,
2025-12-14T14:51:06.435378,master,user15,fail,427.04,
2025-12-14T14:51:06.771013,master,user16,fail,335.63,
2025-12-14T14:51:07.092950,master,user17,fail,321.94,
2025-12-14T14:51:07.448323,master,user18,fail,355.37,
2025-12-14T14:51:07.871637,master,user19,fail,423.31,
2025-12-14T14:51:08.230677,master,user20,fail,359.04,
2025-12-14T14:51:08.304967,master,user21,fail,74.29,
2025-12-14T14:51:08.372978,master,user22,fail,68.01,
2025-12-14T14:51:08.492809,master,user23,fail,119.83,
2025-12-14T14:51:08.578492,master,user24,fail,85.68,
2025-12-14T14:51:08.656690,master,user25,fail,78.2,
2025-12-14T14:51:08.764221,master,user26,fail,107.53,
2025-12-14T14:51:08.881827,master,user27,fail,117.61,
2025-12-14T14:51:08.957760,master,user28,fail,75.93,
2025-12-14T14:51:09.039220,master,user29,fail,81.46,
2025-12-14T14:51:09.181759,master,user30,fail,142.54,
2025-12-14T14:51:09.188827,hello,user01,fail,6.06,
2025-12-14T14:51:09.197414,hello,user02,fail,8.59,
2025-12-14T14:51:09.214287,hello,user03,fail,13.71,
2025-12-14T14:51:09.225183,hello,user04,fail,10.39,
2025-12-14T14:51:09.233362,hello,user05,fail,8.18,
2025-12-14T14:51:09.239456,hello,user06,fail,6.09,
2025-12-14T14:51:09.245181,hello,user07,fail,5.73,
2025-12-14T14:51:09.251615,hello,user08,fail,6.43,
2025-12-14T14:51:09.257433,hello,user09,fail,5.82,
2025-12-14T14:51:09.261485,hello,user10,fail,4.05,
2025-12-14T14:51:09.611859,hello,user11,fail,348.87,
2025-12-14T14:51:09.932940,hello,user12,fail,321.08,
2025-12-14T14:51:10.254753,hello,user13,fail,321.81,
2025-12-14T14:51:10.591005,hello,user14,fail,336.25,
2025-12-14T14:51:10.892602,hello,user15,fail,301.6,
2025-12-14T14:51:11.165610,hello,user16,fail,273.01,
2025-12-14T14:51:11.425607,hello,user17,fail,260.0,
2025-12-14T14:51:11.756040,hello,user18,fail,330.43,
2025-12-14T14:51:12.054702,hello,user19,fail,298.66,
2025-12-14T14:51:12.339545,hello,user20,fail,284.84,
2025-12-14T14:51:12.465155,hello,user21,fail,125.61,
2025-12-14T14:51:12.563645,hello,user22,fail,98.49,
2025-12-14T14:51:12.640390,hello,user23,fail,76.74,
2025-12-14T14:51:12.705863,hello,user24,fail,65.47,
2025-12-14T14:51:12.774976,hello,user25,fail,69.11,
2025-12-14T14:51:12.842696,hello,user26,fail,67.72,
2025-12-14T14:51:12.906915,hello,user27,fail,64.22,
2025-12-14T14:51:12.971882,hello,user28,fail,64.97,
2025-12-14T14:51:13.041685,hello,user29,fail,69.8,
2025-12-14T14:51:13.109261,hello,user30,fail,67.58,
2025-12-14T14:51:13.114785,freedom,user01,fail,4.02,
2025-12-14T14:51:13.118337,freedom,user02,fail,3.55,
2025-12-14T14:51:13.121854,freedom,user03,fail,3.52,
2025-12-14T14:51:13.124888,freedom,user04,fail,3.03,
2025-12-14T14:51:13.128947,freedom,user05,fail,4.06,
2025-12-14T14:51:13.133953,freedom,user06,fail,5.01,
2025-12-14T14:51:13.136955,freedom,user07,fail,3.0,
2025-12-14T14:51:13.142907,freedom,user08,fail,4.74,
2025-12-14T14:51:13.147447,freedom,user09,fail,4.54,
2025-12-14T14:51:13.150964,freedom,user10,fail,3.52,
2025-12-14T14:51:13.418538,freedom,user11,fail,267.57,
2025-12-14T14:51:13.697850,freedom,user12,fail,279.31,
2025-12-14T14:51:13.999491,freedom,user13,fail,301.64,
2025-12-14T14:51:14.289595,freedom,user14,fail,290.1,
2025-12-14T14:51:14.582945,freedom,user15,fail,293.35,
2025-12-14T14:51:14.889485,freedom,user16,fail,306.54,
2025-12-14T14:51:15.162659,freedom,user17,fail,273.17,
2025-12-14T14:51:15.423813,freedom,user18,fail,261.15,
2025-12-14T14:51:15.749544,freedom,user19,fail,325.73,
2025-12-14T14:51:16.096883,freedom,user20,fail,347.34,
2025-12-14T14:51:16.230333,freedom,user21,fail,133.45,
2025-12-14T14:51:16.366803,freedom,user22,fail,136.47,
2025-12-14T14:51:16.500958,freedom,user23,fail,134.15,
2025-12-14T14:51:16.578305,freedom,user24,fail,77.35,
2025-12-14T14:51:16.649411,freedom,user25,fail,71.11,
2025-12-14T14:51:16.763740,freedom,user26,fail,114.33,
2025-12-14T14:51:16.903850,freedom,user27,fail,140.11,
2025-12-14T14:51:17.021216,freedom,user28,fail,117.37,
2025-12-14T14:51:17.097682,freedom,user29,fail,76.47,
2025-12-14T14:51:17.186616,freedom,user30,fail,88.93,
2025-12-14T14:51:17.190626,shadow,user01,fail,4.01,
2025-12-14T14:51:17.201802,shadow,user02,fail,11.18,
2025-12-14T14:51:17.209105,shadow,user03,fail,7.3,
2025-12-14T14:51:17.214635,shadow,user04,fail,4.53,
2025-12-14T14:51:17.217144,shadow,user05,fail,2.51,
2025-12-14T14:51:17.221687,shadow,user06,fail,3.54,
2025-12-14T14:51:17.225693,shadow,user07,fail,4.01,
2025-12-14T14:51:17.229208,shadow,user08,fail,3.51,
2025-12-14T14:51:17.232757,shadow,user09,fail,3.55,
2025-12-14T14:51:17.235756,shadow,user10,fail,3.0,
2025-12-14T14:51:17.519337,shadow,user11,fail,283.58,
2025-12-14T14:51:17.806546,shadow,user12,fail,287.21,
2025-12-14T14:51:18.079544,shadow,user13,fail,273.0,
2025-12-14T14:51:18.335696,shadow,user14,fail,256.15,
2025-12-14T14:51:18.603796,shadow,user15,fail,268.1,
2025-12-14T14:51:18.859419,shadow,user16,fail,255.62,
2025-12-14T14:51:19.120496,shadow,user17,fail,261.08,
2025-12-14T14:51:19.371639,shadow,user18,fail,251.14,
2025-12-14T14:51:19.659552,shadow,user19,fail,287.91,
2025-12-14T14:51:19.918463,shadow,user20,fail,258.91,
2025-12-14T14:51:19.985637,shadow,user21,fail,67.17,
2025-12-14T14:51:20.050938,shadow,user22,fail,65.3,
2025-12-14T14:51:20.115948,shadow,user23,fail,65.01,
2025-12-14T14:51:20.183799,shadow,user24,fail,67.85,
2025-12-14T14:51:20.250042,shadow,user25,fail,66.24,
2025-12-14T14:51:20.364914,shadow,user26,fail,114.87,
2025-12-14T14:51:20.451459,shadow,user27,fail,86.54,
2025-12-14T14:51:20.528187,shadow,user28,fail,76.73,
2025-12-14T14:51:20.613008,shadow,user29,fail,84.82,
2025-12-14T14:51:20.685012,shadow,user30,fail,72.0,
2025-12-14T14:51:20.689554,computer,user01,fail,4.54,
2025-12-14T14:51:20.694171,computer,user02,fail,4.62,
2025-12-14T14:51:20.697687,computer,user03,fail,3.52,
2025-12-14T14:51:20.701688,computer,user04,fail,4.0,
2025-12-14T14:51:20.704687,computer,user05,fail,3.0,
2025-12-14T14:51:20.707913,computer,user06,fail,3.23,
2025-12-14T14:51:20.711922,computer,user07,fail,4.01,
2025-12-14T14:51:20.715920,computer,user08,fail,4.0,
2025-12-14T14:51:20.719421,computer,user09,fail,3.5,
2025-12-14T14:51:20.723942,computer,user10,fail,4.52,
2025-12-14T14:51:20.989593,computer,user11,fail,265.65,
2025-12-14T14:51:21.249668,computer,user12,fail,260.08,
2025-12-14T14:51:21.551689,computer,user13,fail,302.02,
2025-12-14T14:51:21.849292,computer,user14,fail,297.6,
2025-12-14T14:51:22.135679,computer,user15,fail,286.39,
2025-12-14T14:51:22.407143,computer,user16,fail,271.46,
2025-12-14T14:51:22.687534,computer,user17,fail,280.39,
2025-12-14T14:51:22.960921,computer,user18,fail,273.39,
2025-12-14T14:51:23.224732,computer,user19,fail,263.81,
2025-12-14T14:51:23.495868,computer,user20,fail,271.14,
2025-12-14T14:51:23.620728,computer,user21,fail,124.86,
2025-12-14T14:51:23.684810,computer,user22,fail,64.08,
2025-12-14T14:51:23.748558,computer,user23,fail,63.75,
2025-12-14T14:51:23.813833,computer,user24,fail,65.27,
2025-12-14T14:51:23.876656,computer,user25,fail,62.82,
2025-12-14T14:51:23.943077,computer,user26,fail,66.42,
2025-12-14T14:51:24.012878,computer,user27,fail,69.8,
2025-12-14T14:51:24.079738,computer,user28,fail,66.86,
2025-12-14T14:51:24.147494,computer,user29,fail,67.76,
2025-12-14T14:51:24.214752,computer,user30,fail,67.26,
2025-12-14T14:51:24.219262,jessica,user01,fail,3.51,
2025-12-14T14:51:24.224783,jessica,user02,fail,5.52,
2025-12-14T14:51:24.227382,jessica,user03,fail,2.6,
2025-12-14T14:51:24.231906,jessica,user04,fail,4.52,
2025-12-14T14:51:24.237412,jessica,user05,fail,5.51,
2025-12-14T14:51:24.241932,jessica,user06,fail,4.52,
2025-12-14T14:51:24.246463,jessica,user07,fail,4.53,
2025-12-14T14:51:24.250474,jessica,user08,fail,4.01,
2025-12-14T14:51:24.254986,jessica,user09,fail,4.51,
2025-12-14T14:51:24.258585,jessica,user10,fail,3.6,
2025-12-14T14:51:24.529950,jessica,user11,fail,271.36,
2025-12-14T14:51:24.791753,jessica,user12,fail,261.8,
2025-12-14T14:51:25.100516,jessica,user13,fail,308.76,
2025-12-14T14:51:25.471899,jessica,user14,fail,371.38,
2025-12-14T14:51:25.819114,jessica,user15,fail,347.21,
2025-12-14T14:51:26.096563,jessica,user16,fail,277.45,
2025-12-14T14:51:26.366596,jessica,user17,fail,270.03,
2025-12-14T14:51:26.620096,jessica,user18,fail,253.5,
2025-12-14T14:51:26.874251,jessica,user19,fail,254.16,
2025-12-14T14:51:27.120840,jessica,user20,fail,246.59,
2025-12-14T14:51:27.190728,jessica,user21,fail,69.89,
2025-12-14T14:51:27.261636,jessica,user22,fail,70.91,
2025-12-14T14:51:27.331741,jessica,user23,fail,70.1,
2025-12-14T14:51:27.393904,jessica,user24,fail,62.16,
2025-12-14T14:51:27.457697,jessica,user25,fail,63.79,
2025-12-14T14:51:27.522860,jessica,user26,fail,64.17,
2025-12-14T14:51:27.583802,jessica,user27,fail,60.94,
2025-12-14T14:51:27.647291,jessica,user28,fail,63.49,
2025-12-14T14:51:27.710958,jessica,user29,fail,63.67,
2025-12-14T14:51:27.790800,jessica,user30,fail,79.84,
2025-12-14T14:51:27.796805,pepper,user01,fail,6.0,
2025-12-14T14:51:27.801832,pepper,user02,fail,5.03,
2025-12-14T14:51:27.806836,pepper,user03,fail,5.01,
2025-12-14T14:51:27.810965,pepper,user04,fail,4.13,
2025-12-14T14:51:27.814982,pepper,user05,fail,4.02,
2025-12-14T14:51:27.819630,pepper,user06,fail,4.65,
2025-12-14T14:51:27.824148,pepper,user07,fail,4.52,
2025-12-14T14:51:27.827657,pepper,user08,fail,3.51,
2025-12-14T14:51:27.831725,pepper,user09,fail,4.07,
2025-12-14T14:51:27.836789,pepper,user10,fail,5.06,
2025-12-14T14:51:28.084057,pepper,user11,fail,247.27,
2025-12-14T14:51:28.332560,pepper,user12,fail,248.5,
2025-12-14T14:51:28.580769,pepper,user13,fail,248.21,
2025-12-14T14:51:28.829591,pepper,user14,fail,248.82,
2025-12-14T14:51:29.076610,pepper,user15,fail,247.02,
2025-12-14T14:51:29.331696,pepper,user16,fail,255.09,
2025-12-14T14:51:29.578520,pepper,user17,fail,246.82,
2025-12-14T14:51:29.820673,pepper,user18,fail,242.15,
2025-12-14T14:51:30.075611,pepper,user19,fail,254.94,
2025-12-14T14:51:30.319628,pepper,user20,fail,244.02,
2025-12-14T14:51:30.401927,pepper,user21,fail,82.3,
2025-12-14T14:51:30.466518,pepper,user22,fail,64.59,
2025-12-14T14:51:30.534188,pepper,user23,fail,67.67,
2025-12-14T14:51:30.598505,pepper,user24,fail,64.32,
2025-12-14T14:51:30.664047,pepper,user25,fail,65.54,
2025-12-14T14:51:30.727854,pepper,user26,fail,63.81,
2025-12-14T14:51:30.792828,pepper,user27,fail,64.97,
2025-12-14T14:51:30.857248,pepper,user28,fail,64.42,
2025-12-14T14:51:30.932749,pepper,user29,fail,74.5,
2025-12-14T14:51:31.008145,pepper,user30,fail,75.4,
2025-12-14T14:51:31.011679,hunter,user01,fail,3.53,
2025-12-14T14:51:31.015689,hunter,user02,fail,2.91,
2025-12-14T14:51:31.020021,hunter,user03,fail,4.33,
2025-12-14T14:51:31.024542,hunter,user04,fail,4.52,
2025-12-14T14:51:31.027070,hunter,user05,fail,2.53,
2025-12-14T14:51:31.029080,hunter,user06,fail,2.01,
2025-12-14T14:51:31.032705,hunter,user07,fail,3.63,
2025-12-14T14:51:31.035811,hunter,user08,fail,3.11,
2025-12-14T14:51:31.039398,hunter,user09,fail,3.59,
2025-12-14T14:51:31.044013,hunter,user10,fail,4.62,
2025-12-14T14:51:31.289267,hunter,user11,fail,245.25,
2025-12-14T14:51:31.535708,hunter,user12,fail,246.44,
2025-12-14T14:51:31.779306,hunter,user13,fail,243.6,
2025-12-14T14:51:32.031149,hunter,user14,fail,251.84,
2025-12-14T14:51:32.273732,hunter,user15,fail,242.58,
2025-12-14T14:51:32.523909,hunter,user16,fail,250.18,
2025-12-14T14:51:32.769064,hunter,user17,fail,245.15,
2025-12-14T14:51:33.013646,hunter,user18,fail,244.58,
2025-12-14T14:51:33.266665,hunter,user19,fail,253.02,
2025-12-14T14:51:33.516675,hunter,user20,fail,250.01,
2025-12-14T14:51:33.590777,hunter,user21,fail,74.1,
2025-12-14T14:51:33.659312,hunter,user22,fail,68.54,
2025-12-14T14:51:33.723594,hunter,user23,fail,64.28,
2025-12-14T14:51:33.786691,hunter,user24,fail,63.1,
2025-12-14T14:51:33.847763,hunter,user25,fail,61.07,
2025-12-14T14:51:33.908160,hunter,user26,fail,60.4,
2025-12-14T14:51:33.970097,hunter,user27,fail,61.94,
2025-12-14T14:51:34.032866,hunter,user28,fail,62.77,
2025-12-14T14:51:34.095683,hunter,user29,fail,62.82,
2025-12-14T14:51:34.174918,hunter,user30,fail,79.23,
2025-12-14T14:51:34.179468,summer,user01,fail,4.55,
2025-12-14T14:51:34.186500,summer,user02,fail,7.03,
2025-12-14T14:51:34.191013,summer,user03,fail,4.51,
2025-12-14T14:51:34.194020,summer,user04,fail,3.01,
2025-12-14T14:51:34.197785,summer,user05,fail,3.77,
2025-12-14T14:51:34.201739,summer,user06,fail,3.95,
2025-12-14T14:51:34.205735,summer,user07,fail,4.0,
2025-12-14T14:51:34.210924,summer,user08,fail,5.19,
2025-12-14T14:51:34.214931,summer,user09,fail,4.01,
2025-12-14T14:51:34.219549,summer,user10,fail,4.62,
2025-12-14T14:51:34.461987,summer,user11,fail,242.44,
2025-12-14T14:51:34.712150,summer,user12,fail,250.16,
2025-12-14T14:51:34.958004,summer,user13,fail,245.85,
2025-12-14T14:51:35.207586,summer,user14,fail,249.58,
2025-12-14T14:51:35.453509,summer,user15,fail,245.92,
2025-12-14T14:51:35.696701,summer,user16,fail,243.19,
2025-12-14T14:51:35.941014,summer,user17,fail,244.31,
2025-12-14T14:51:36.181674,summer,user18,fail,240.66,
2025-12-14T14:51:36.428454,summer,user19,fail,246.78,
2025-12-14T14:51:36.671702,summer,user20,fail,243.25,
2025-12-14T14:51:36.732659,summer,user21,fail,60.96,
2025-12-14T14:51:36.809983,summer,user22,fail,77.32,
2025-12-14T14:51:36.877541,summer,user23,fail,67.56,
2025-12-14T14:51:36.940545,summer,user24,fail,63.0,
2025-12-14T14:51:37.002714,summer,user25,fail,62.17,
2025-12-14T14:51:37.059314,summer,user26,fail,56.6,
2025-12-14T14:51:37.123624,summer,user27,fail,64.31,
2025-12-14T14:51:37.189474,summer,user28,fail,65.85,
2025-12-14T14:51:37.253773,summer,user29,fail,64.3,
2025-12-14T14:51:37.329449,summer,user30,fail,74.59,
2025-12-14T14:51:37.334965,ginger,user01,fail,5.52,
2025-12-14T14:51:37.341139,ginger,user02,fail,6.17,
2025-12-14T14:51:37.345199,ginger,user03,fail,4.06,
2025-12-14T14:51:37.348714,ginger,user04,fail,3.52,
2025-12-14T14:51:37.352729,ginger,user05,fail,4.01,
2025-12-14T14:51:37.356816,ginger,user06,fail,4.09,
2025-12-14T14:51:37.360955,ginger,user07,fail,4.14,
2025-12-14T14:51:37.364965,ginger,user08,fail,4.01,
2025-12-14T14:51:37.368563,ginger,user09,fail,3.6,
2025-12-14T14:51:37.373573,ginger,user10,fail,5.01,
2025-12-14T14:51:37.617517,ginger,user11,fail,243.94,
2025-12-14T14:51:37.865796,ginger,user12,fail,248.28,
2025-12-14T14:51:38.122671,ginger,user13,fail,256.87,
2025-12-14T14:51:38.418469,ginger,user14,fail,295.8,
2025-12-14T14:51:38.663887,ginger,user15,fail,245.42,
2025-12-14T14:51:38.925684,ginger,user16,fail,261.8,
2025-12-14T14:51:39.259707,ginger,user17,fail,333.15,
2025-12-14T14:51:39.555751,ginger,user18,fail,296.04,
2025-12-14T14:51:39.815419,ginger,user19,fail,259.67,
2025-12-14T14:51:40.130554,ginger,user20,fail,315.14,
2025-12-14T14:51:40.205609,ginger,user21,fail,75.05,
2025-12-14T14:51:40.269653,ginger,user22,fail,64.04,
2025-12-14T14:51:40.341831,ginger,user23,fail,72.18,
2025-12-14T14:51:40.443643,ginger,user24,fail,101.81,
2025-12-14T14:51:40.525685,ginger,user25,fail,82.04,
2025-12-14T14:51:40.634974,ginger,user26,fail,109.29,
2025-12-14T14:51:40.738070,ginger,user27,fail,103.1,
2025-12-14T14:51:40.809285,ginger,user28,fail,71.21,
2025-12-14T14:51:40.869115,ginger,user29,fail,59.83,
2025-12-14T14:51:40.938193,ginger,user30,fail,69.08,
2025-12-14T14:51:40.943717,secret,user01,fail,5.52,
2025-12-14T14:51:40.948473,secret,user02,fail,4.76,
2025-12-14T14:51:40.952034,secret,user03,fail,3.56,
2025-12-14T14:51:40.955006,secret,user04,fail,2.97,
2025-12-14T14:51:40.959519,secret,user05,fail,4.51,
2025-12-14T14:51:40.963032,secret,user06,fail,3.51,
2025-12-14T14:51:40.965032,secret,user07,fail,2.0,
2025-12-14T14:51:40.969129,secret,user08,fail,4.1,
2025-12-14T14:51:40.975711,secret,user09,fail,6.58,
2025-12-14T14:51:40.981819,secret,user10,fail,6.11,
2025-12-14T14:51:41.258977,secret,user11,fail,277.16,
2025-12-14T14:51:41.640913,secret,user12,fail,381.94,
2025-12-14T14:51:42.318972,secret,user13,fail,678.06,
2025-12-14T14:51:42.589159,secret,user14,fail,270.19,
2025-12-14T14:51:42.839451,secret,user15,fail,250.29,
2025-12-14T14:51:43.125663,secret,user16,fail,286.21,
2025-12-14T14:51:43.377448,secret,user17,fail,251.78,
2025-12-14T14:51:43.627471,secret,user18,fail,250.02,
2025-12-14T14:51:43.873919,secret,user19,fail,246.45,
2025-12-14T14:51:44.119193,secret,user20,fail,245.27,
2025-12-14T14:51:44.192691,secret,user21,fail,73.5,
2025-12-14T14:51:44.258468,secret,user22,fail,65.78,
2025-12-14T14:51:44.318370,secret,user23,fail,59.9,
2025-12-14T14:51:44.406526,secret,user24,fail,87.16,
2025-12-14T14:51:44.489529,secret,user25,fail,83.0,
2025-12-14T14:51:44.623219,secret,user26,fail,133.69,
2025-12-14T14:51:44.785906,secret,user27,fail,162.69,
2025-12-14T14:51:44.925828,secret,user28,fail,139.42,
2025-12-14T14:51:45.007208,secret,user29,fail,81.38,
2025-12-14T14:51:45.083552,secret,user30,fail,76.34,
2025-12-14T14:51:45.088071,mustang,user01,fail,3.52,
2025-12-14T14:51:45.091573,mustang,user02,fail,3.5,
2025-12-14T14:51:45.095585,mustang,user03,fail,4.01,
2025-12-14T14:51:45.099673,mustang,user04,fail,4.09,
2025-12-14T14:51:45.103677,mustang,user05,fail,4.0,
2025-12-14T14:51:45.107183,mustang,user06,fail,3.51,
2025-12-14T14:51:45.111711,mustang,user07,fail,4.53,
2025-12-14T14:51:45.115705,mustang,user08,fail,3.99,
2025-12-14T14:51:45.118911,mustang,user09,fail,3.21,
2025-12-14T14:51:45.121418,mustang,user10,fail,2.51,
2025-12-14T14:51:45.373968,mustang,user11,fail,252.55,
2025-12-14T14:51:45.617105,mustang,user12,fail,243.14,
2025-12-14T14:51:45.866700,mustang,user13,fail,249.59,
2025-12-14T14:51:46.119912,mustang,user14,fail,253.21,
2025-12-14T14:51:46.376449,mustang,user15,fail,256.54,
2025-12-14T14:51:46.622639,mustang,user16,fail,246.19,
2025-12-14T14:51:46.879362,mustang,user17,fail,256.72,
2025-12-14T14:51:47.126681,mustang,user18,fail,247.32,
2025-12-14T14:51:47.376797,mustang,user19,fail,250.12,
2025-12-14T14:51:47.619342,mustang,user20,fail,242.55,
2025-12-14T14:51:47.686658,mustang,user21,fail,67.32,
2025-12-14T14:51:47.747174,mustang,user22,fail,59.4,
2025-12-14T14:51:47.826613,mustang,user23,fail,79.44,
2025-12-14T14:51:47.898006,mustang,user24,fail,71.39,
2025-12-14T14:51:47.957756,mustang,user25,fail,59.75,
2025-12-14T14:51:48.023461,mustang,user26,fail,65.71,
2025-12-14T14:51:48.082747,mustang,user27,fail,59.29,
2025-12-14T14:51:48.147112,mustang,user28,fail,64.36,
2025-12-14T14:51:48.209406,mustang,user29,fail,62.29,
2025-12-14T14:51:48.272986,mustang,user30,fail,63.58,
2025-12-14T14:51:48.276614,jordan23,user01,fail,2.63,
2025-12-14T14:51:48.281622,jordan23,user02,fail,3.06,
2025-12-14T14:51:48.285629,jordan23,user03,fail,4.01,
2025-12-14T14:51:48.288863,jordan23,user04,fail,3.23,
2025-12-14T14:51:48.292867,jordan23,user05,fail,4.0,
2025-12-14T14:51:48.296390,jordan23,user06,fail,3.52,
2025-12-14T14:51:48.300909,jordan23,user07,fail,4.52,
2025-12-14T14:51:48.304915,jordan23,user08,fail,4.01,
2025-12-14T14:51:48.308548,jordan23,user09,fail,3.63,
2025-12-14T14:51:48.312494,jordan23,user10,fail,3.95,
2025-12-14T14:51:48.575299,jordan23,user11,fail,262.8,
2025-12-14T14:51:48.934732,jordan23,user12,fail,359.43,
2025-12-14T14:51:49.294041,jordan23,user13,fail,359.31,
2025-12-14T14:51:49.569957,jordan23,user14,fail,275.92,
2025-12-14T14:51:49.884650,jordan23,user15,fail,314.69,
2025-12-14T14:51:50.159577,jordan23,user16,fail,274.93,
2025-12-14T14:51:50.417527,jordan23,user17,fail,257.95,
2025-12-14T14:51:50.728412,jordan23,user18,fail,310.89,
2025-12-14T14:51:51.056721,jordan23,user19,fail,327.26,
2025-12-14T14:51:51.617031,jordan23,user20,fail,560.31,
2025-12-14T14:51:51.722654,jordan23,user21,fail,105.62,
2025-12-14T14:51:51.819632,jordan23,user22,fail,96.98,
2025-12-14T14:51:51.902401,jordan23,user23,fail,82.77,
2025-12-14T14:51:51.985481,jordan23,user24,fail,83.08,
2025-12-14T14:51:52.091751,jordan23,user25,fail,106.27,
2025-12-14T14:51:52.271415,jordan23,user26,fail,178.66,
2025-12-14T14:51:52.444578,jordan23,user27,fail,173.16,
2025-12-14T14:51:52.616706,jordan23,user28,fail,172.13,
2025-12-14T14:51:52.863620,jordan23,user29,fail,246.91,
2025-12-14T14:51:53.038655,jordan23,user30,fail,175.04,
2025-12-14T14:51:53.042663,soccer,user01,fail,4.01,
2025-12-14T14:51:53.046663,soccer,user02,fail,4.0,
2025-12-14T14:51:53.051756,soccer,user03,fail,5.09,
2025-12-14T14:51:53.058111,soccer,user04,fail,6.35,
2025-12-14T14:51:53.062631,soccer,user05,fail,4.52,
2025-12-14T14:51:53.066632,soccer,user06,fail,4.0,
2025-12-14T14:51:53.071524,soccer,user07,fail,4.89,
2025-12-14T14:51:53.074532,soccer,user08,fail,3.01,
2025-12-14T14:51:53.078568,soccer,user09,fail,4.04,
2025-12-14T14:51:53.082586,soccer,user10,fail,4.02,
2025-12-14T14:51:53.431830,soccer,user11,fail,349.24,
2025-12-14T14:51:53.751766,soccer,user12,fail,319.94,
2025-12-14T14:51:54.024609,soccer,user13,fail,272.84,
2025-12-14T14:51:54.287719,soccer,user14,fail,263.11,
2025-12-14T14:51:54.536771,soccer,user15,fail,249.05,
2025-12-14T14:51:54.792973,soccer,user16,fail,256.2,
2025-12-14T14:51:55.038394,soccer,user17,fail,245.42,
2025-12-14T14:51:55.293469,soccer,user18,fail,255.07,
2025-12-14T14:51:55.538140,soccer,user19,fail,244.67,
2025-12-14T14:51:55.799312,soccer,user20,fail,261.17,
2025-12-14T14:51:55.869202,soccer,user21,fail,69.89,
2025-12-14T14:51:55.943467,soccer,user22,fail,74.27,
2025-12-14T14:51:56.013680,soccer,user23,fail,70.21,
2025-12-14T14:51:56.078707,soccer,user24,fail,65.03,
2025-12-14T14:51:56.158865,soccer,user25,fail,80.16,
2025-12-14T14:51:56.227148,soccer,user26,fail,68.28,
2025-12-14T14:51:56.289440,soccer,user27,fail,62.29,
2025-12-14T14:51:56.362168,soccer,user28,fail,72.73,
2025-12-14T14:51:56.441633,soccer,user29,fail,79.46,
2025-12-14T14:51:56.503795,soccer,user30,fail,62.16,
2025-12-14T14:51:56.508489,batman,user01,fail,3.79,
2025-12-14T14:51:56.513903,batman,user02,fail,4.38,
2025-12-14T14:51:56.516375,batman,user03,fail,2.47,
2025-12-14T14:51:56.520906,batman,user04,fail,4.53,
2025-12-14T14:51:56.524919,batman,user05,fail,4.01,
2025-12-14T14:51:56.529438,batman,user06,fail,4.52,
2025-12-14T14:51:56.533440,batman,user07,fail,4.0,
2025-12-14T14:51:56.538955,batman,user08,fail,5.51,
2025-12-14T14:51:56.542891,batman,user09,fail,3.94,
2025-12-14T14:51:56.545812,batman,user10,fail,2.92,
2025-12-14T14:51:56.808660,batman,user11,fail,262.85,
2025-12-14T14:51:57.065012,batman,user12,fail,256.35,
2025-12-14T14:51:57.328658,batman,user13,fail,263.65,
2025-12-14T14:51:57.583523,batman,user14,fail,254.87,
2025-12-14T14:51:57.836901,batman,user15,fail,253.38,
2025-12-14T14:51:58.085561,batman,user16,fail,248.66,
2025-12-14T14:51:58.337447,batman,user17,fail,251.89,
2025-12-14T14:51:58.580852,batman,user18,fail,243.41,
2025-12-14T14:51:58.850665,batman,user19,fail,269.81,
2025-12-14T14:51:59.155085,batman,user20,fail,304.42,
2025-12-14T14:51:59.225564,batman,user21,fail,70.48,
2025-12-14T14:51:59.288342,batman,user22,fail,62.78,
2025-12-14T14:51:59.352815,batman,user23,fail,64.47,
2025-12-14T14:51:59.419353,batman,user24,fail,66.54,
2025-12-14T14:51:59.479015,batman,user25,fail,59.66,
2025-12-14T14:51:59.543579,batman,user26,fail,64.56,
2025-12-14T14:51:59.601918,batman,user27,fail,58.34,
2025-12-14T14:51:59.678940,batman,user28,fail,75.93,
2025-12-14T14:51:59.749470,batman,user29,fail,70.53,
2025-12-14T14:51:59.814643,batman,user30,fail,65.17,
2025-12-14T14:51:59.819121,tigger,user01,fail,3.54,
2025-12-14T14:51:59.822727,tigger,user02,fail,3.61,
2025-12-14T14:51:59.825694,tigger,user03,fail,2.97,
2025-12-14T14:51:59.829339,tigger,user04,fail,3.64,
2025-12-14T14:51:59.833856,tigger,user05,fail,4.52,
2025-12-14T14:51:59.838377,tigger,user06,fail,4.52,
2025-12-14T14:51:59.842514,tigger,user07,fail,4.14,
2025-12-14T14:51:59.846897,tigger,user08,fail,4.38,
2025-12-14T14:51:59.851423,tigger,user09,fail,4.53,
2025-12-14T14:51:59.855471,tigger,user10,fail,4.05,
2025-12-14T14:52:00.104815,tigger,user11,fail,249.34,
2025-12-14T14:52:00.359115,tigger,user12,fail,254.3,
2025-12-14T14:52:00.602660,tigger,user13,fail,243.55,
2025-12-14T14:52:00.850512,tigger,user14,fail,247.85,
2025-12-14T14:52:01.095111,tigger,user15,fail,244.6,
2025-12-14T14:52:01.347804,tigger,user16,fail,252.69,
2025-12-14T14:52:01.591431,tigger,user17,fail,243.63,
2025-12-14T14:52:01.843386,tigger,user18,fail,251.96,
2025-12-14T14:52:02.105663,tigger,user19,fail,262.28,
2025-12-14T14:52:02.362746,tigger,user20,fail,257.08,
2025-12-14T14:52:02.439147,tigger,user21,fail,76.4,
2025-12-14T14:52:02.547303,tigger,user22,fail,108.16,
2025-12-14T14:52:02.625653,tigger,user23,fail,78.35,
2025-12-14T14:52:02.696734,tigger,user24,fail,71.08,
2025-12-14T14:52:02.774969,tigger,user25,fail,78.24,
2025-12-14T14:52:02.945199,tigger,user26,fail,170.23,
2025-12-14T14:52:03.033666,tigger,user27,fail,88.47,
2025-12-14T14:52:03.152805,tigger,user28,fail,119.14,
2025-12-14T14:52:03.226164,tigger,user29,fail,73.36,
2025-12-14T14:52:03.287778,tigger,user30,fail,61.61,
2025-12-14T14:52:03.291304,robert,user01,fail,3.53,
2025-12-14T14:52:03.294665,robert,user02,fail,3.36,
2025-12-14T14:52:03.296711,robert,user03,fail,2.05,
2025-12-14T14:52:03.299489,robert,user04,fail,2.78,
2025-12-14T14:52:03.301582,robert,user05,fail,2.09,
2025-12-14T14:52:03.303595,robert,user06,fail,2.01,
2025-12-14T14:52:03.307500,robert,user07,fail,3.9,
2025-12-14T14:52:03.311049,robert,user08,fail,3.04,
2025-12-14T14:52:03.313715,robert,user09,fail,2.67,
2025-12-14T14:52:03.316495,robert,user10,fail,2.78,
2025-12-14T14:52:03.577600,robert,user11,fail,261.1,
2025-12-14T14:52:03.829572,robert,user12,fail,251.97,
2025-12-14T14:52:04.092746,robert,user13,fail,263.17,
2025-12-14T14:52:04.353540,robert,user14,fail,259.71,
2025-12-14T14:52:04.672892,robert,user15,fail,318.35,
2025-12-14T14:52:05.083509,robert,user16,fail,410.62,
2025-12-14T14:52:05.433780,robert,user17,fail,350.27,
2025-12-14T14:52:05.839275,robert,user18,fail,404.49,
2025-12-14T14:52:06.186316,robert,user19,fail,347.04,
2025-12-14T14:52:06.510339,robert,user20,fail,324.02,
2025-12-14T14:52:06.594793,robert,user21,fail,84.45,
2025-12-14T14:52:06.662409,robert,user22,fail,67.62,
2025-12-14T14:52:06.726396,robert,user23,fail,63.99,
2025-12-14T14:52:06.790619,robert,user24,fail,64.22,
2025-12-14T14:52:06.852714,robert,user25,fail,62.09,
2025-12-14T14:52:06.915236,robert,user26,fail,62.52,
2025-12-14T14:52:06.976411,robert,user27,fail,61.17,
2025-12-14T14:52:07.043458,robert,user28,fail,65.63,
2025-12-14T14:52:07.122797,robert,user29,fail,79.34,
2025-12-14T14:52:07.197824,robert,user30,fail,75.03,
2025-12-14T14:52:07.201335,michael,user01,fail,3.51,
2025-12-14T14:52:07.206853,michael,user02,fail,5.52,
2025-12-14T14:52:07.212426,michael,user03,fail,5.57,
2025-12-14T14:52:07.216487,michael,user04,fail,4.06,
2025-12-14T14:52:07.219504,michael,user05,fail,3.02,
2025-12-14T14:52:07.222494,michael,user06,fail,2.99,
2025-12-14T14:52:07.227585,michael,user07,fail,5.09,
2025-12-14T14:52:07.232585,michael,user08,fail,5.0,
2025-12-14T14:52:07.235583,michael,user09,fail,3.0,
2025-12-14T14:52:07.238742,michael,user10,fail,3.16,
2025-12-14T14:52:07.533385,michael,user11,fail,294.64,
2025-12-14T14:52:07.874866,michael,user12,fail,341.48,
2025-12-14T14:52:08.212584,michael,user13,fail,337.72,
2025-12-14T14:52:08.494376,michael,user14,fail,281.79,
2025-12-14T14:52:08.770241,michael,user15,fail,275.86,
2025-12-14T14:52:09.102812,michael,user16,fail,332.57,
2025-12-14T14:52:09.483525,michael,user17,fail,379.69,
2025-12-14T14:52:09.758639,michael,user18,fail,275.11,
2025-12-14T14:52:10.019222,michael,user19,fail,260.58,
2025-12-14T14:52:10.270739,michael,user20,fail,251.52,
2025-12-14T14:52:10.340780,michael,user21,fail,70.04,
2025-12-14T14:52:10.417460,michael,user22,fail,76.68,
2025-12-14T14:52:10.484744,michael,user23,fail,67.28,
2025-12-14T14:52:10.556290,michael,user24,fail,70.54,
2025-12-14T14:52:10.621798,michael,user25,fail,65.51,
2025-12-14T14:52:10.688938,michael,user26,fail,66.05,
2025-12-14T14:52:10.752510,michael,user27,fail,63.57,
2025-12-14T14:52:10.832448,michael,user28,fail,78.98,
2025-12-14T14:52:10.900636,michael,user29,fail,68.19,
2025-12-14T14:52:10.966301,michael,user30,fail,65.67,
2025-12-14T14:52:10.970839,charlie,user01,fail,3.53,
2025-12-14T14:52:10.974849,charlie,user02,fail,4.01,
2025-12-14T14:52:10.977869,charlie,user03,fail,3.02,
2025-12-14T14:52:10.980462,charlie,user04,fail,2.59,
2025-12-14T14:52:10.983610,charlie,user05,fail,3.15,
2025-12-14T14:52:10.986486,charlie,user06,fail,2.88,
2025-12-14T14:52:10.989510,charlie,user07,fail,3.02,
2025-12-14T14:52:10.993533,charlie,user08,fail,4.02,
2025-12-14T14:52:10.996997,charlie,user09,fail,3.46,
2025-12-14T14:52:11.000508,charlie,user10,fail,3.51,
2025-12-14T14:52:11.263435,charlie,user11,fail,262.93,
2025-12-14T14:52:11.547107,charlie,user12,fail,283.67,
2025-12-14T14:52:11.932022,charlie,user13,fail,384.92,
2025-12-14T14:52:12.210390,charlie,user14,fail,278.37,
2025-12-14T14:52:12.538682,charlie,user15,fail,327.28,
2025-12-14T14:52:12.858872,charlie,user16,fail,320.19,
2025-12-14T14:52:13.118380,charlie,user17,fail,259.51,
2025-12-14T14:52:13.376445,charlie,user18,fail,258.06,
2025-12-14T14:52:13.631583,charlie,user19,fail,255.14,
2025-12-14T14:52:13.888333,charlie,user20,fail,256.75,
2025-12-14T14:52:13.949151,charlie,user21,fail,60.82,
2025-12-14T14:52:14.009411,charlie,user22,fail,60.26,
2025-12-14T14:52:14.067535,charlie,user23,fail,58.12,
2025-12-14T14:52:14.129856,charlie,user24,fail,62.32,
2025-12-14T14:52:14.193603,charlie,user25,fail,63.75,
2025-12-14T14:52:14.269423,charlie,user26,fail,75.82,
2025-12-14T14:52:14.334447,charlie,user27,fail,65.02,
2025-12-14T14:52:14.397855,charlie,user28,fail,63.41,
2025-12-14T14:52:14.461348,charlie,user29,fail,63.49,
2025-12-14T14:52:14.534125,charlie,user30,fail,72.78,
2025-12-14T14:52:14.538634,buster,user01,fail,3.52,
2025-12-14T14:52:14.544653,buster,user02,fail,6.02,
2025-12-14T14:52:14.551733,buster,user03,fail,7.08,
2025-12-14T14:52:14.556250,buster,user04,fail,4.52,
2025-12-14T14:52:14.560780,buster,user05,fail,4.53,
2025-12-14T14:52:14.563790,buster,user06,fail,3.01,
2025-12-14T14:52:14.567372,buster,user07,fail,3.58,
2025-12-14T14:52:14.572892,buster,user08,fail,5.52,
2025-12-14T14:52:14.577499,buster,user09,fail,4.61,
2025-12-14T14:52:14.582658,buster,user10,fail,5.16,
2025-12-14T14:52:14.835676,buster,user11,fail,253.02,
2025-12-14T14:52:15.082691,buster,user12,fail,247.02,
2025-12-14T14:52:15.344936,buster,user13,fail,262.24,
2025-12-14T14:52:15.593985,buster,user14,fail,249.05,
2025-12-14T14:52:15.847510,buster,user15,fail,252.51,
2025-12-14T14:52:16.104323,buster,user16,fail,255.81,
2025-12-14T14:52:16.358611,buster,user17,fail,254.29,
2025-12-14T14:52:16.610787,buster,user18,fail,252.18,
2025-12-14T14:52:16.867697,buster,user19,fail,256.91,
2025-12-14T14:52:17.119323,buster,user20,fail,251.63,
2025-12-14T14:52:17.191332,buster,user21,fail,72.01,
2025-12-14T14:52:17.265047,buster,user22,fail,73.72,
2025-12-14T14:52:17.333764,buster,user23,fail,68.72,
2025-12-14T14:52:17.397800,buster,user24,fail,64.04,
2025-12-14T14:52:17.460200,buster,user25,fail,62.4,
2025-12-14T14:52:17.521344,buster,user26,fail,61.14,
2025-12-14T14:52:17.584462,buster,user27,fail,63.12,
2025-12-14T14:52:17.648359,buster,user28,fail,63.9,
2025-12-14T14:52:17.721752,buster,user29,fail,73.39,
2025-12-14T14:52:17.802429,buster,user30,fail,80.68,
2025-12-14T14:52:17.812169,pokemon,user01,fail,7.74,
2025-12-14T14:52:17.816696,pokemon,user02,fail,4.53,
2025-12-14T14:52:17.821710,pokemon,user03,fail,5.01,
2025-12-14T14:52:17.829245,pokemon,user04,fail,7.53,
2025-12-14T14:52:17.834762,pokemon,user05,fail,5.52,
2025-12-14T14:52:17.839276,pokemon,user06,fail,4.51,
2025-12-14T14:52:17.842816,pokemon,user07,fail,3.54,
2025-12-14T14:52:17.846303,pokemon,user08,fail,3.49,
2025-12-14T14:52:17.849314,pokemon,user09,fail,3.01,
2025-12-14T14:52:17.854828,pokemon,user10,fail,5.51,
2025-12-14T14:52:18.110628,pokemon,user11,fail,255.8,
2025-12-14T14:52:18.364903,pokemon,user12,fail,254.27,
2025-12-14T14:52:18.619294,pokemon,user13,fail,254.39,
2025-12-14T14:52:18.871360,pokemon,user14,fail,252.07,
2025-12-14T14:52:19.114833,pokemon,user15,fail,243.47,
2025-12-14T14:52:19.370526,pokemon,user16,fail,255.69,
2025-12-14T14:52:19.629281,pokemon,user17,fail,258.75,
2025-12-14T14:52:19.877058,pokemon,user18,fail,247.78,
2025-12-14T14:52:20.138395,pokemon,user19,fail,260.31,
2025-12-14T14:52:20.387369,pokemon,user20,fail,248.97,
2025-12-14T14:52:20.448915,pokemon,user21,fail,61.55,
2025-12-14T14:52:20.510407,pokemon,user22,fail,61.49,
2025-12-14T14:52:20.578208,pokemon,user23,fail,67.8,
2025-12-14T14:52:20.659023,pokemon,user24,fail,80.82,
2025-12-14T14:52:20.728986,pokemon,user25,fail,69.96,
2025-12-14T14:52:20.808782,pokemon,user26,fail,79.8,
2025-12-14T14:52:20.878149,pokemon,user27,fail,67.82,
2025-12-14T14:52:20.941454,pokemon,user28,fail,63.3,
2025-12-14T14:52:21.038254,pokemon,user29,fail,96.8,
2025-12-14T14:52:21.108199,pokemon,user30,fail,69.94,
2025-12-14T14:52:21.113722,loveme,user01,fail,4.52,
2025-12-14T14:52:21.118234,loveme,user02,fail,4.51,
2025-12-14T14:52:21.121769,loveme,user03,fail,3.54,
2025-12-14T14:52:21.126277,loveme,user04,fail,4.51,
2025-12-14T14:52:21.132292,loveme,user05,fail,6.01,
2025-12-14T14:52:21.136292,loveme,user06,fail,4.0,
2025-12-14T14:52:21.141693,loveme,user07,fail,5.4,
2025-12-14T14:52:21.146692,loveme,user08,fail,5.0,
2025-12-14T14:52:21.154275,loveme,user09,fail,7.58,
2025-12-14T14:52:21.163841,loveme,user10,fail,9.57,
2025-12-14T14:52:21.442643,loveme,user11,fail,278.8,
2025-12-14T14:52:21.708722,loveme,user12,fail,266.08,
2025-12-14T14:52:21.978935,loveme,user13,fail,270.21,
2025-12-14T14:52:22.266600,loveme,user14,fail,287.66,
2025-12-14T14:52:22.560485,loveme,user15,fail,293.88,
2025-12-14T14:52:22.864394,loveme,user16,fail,303.91,
2025-12-14T14:52:23.293929,loveme,user17,fail,429.54,
2025-12-14T14:52:23.651259,loveme,user18,fail,355.82,
2025-12-14T14:52:23.954284,loveme,user19,fail,303.02,
2025-12-14T14:52:24.265245,loveme,user20,fail,310.96,
2025-12-14T14:52:24.348866,loveme,user21,fail,83.62,
2025-12-14T14:52:24.438076,loveme,user22,fail,89.21,
2025-12-14T14:52:24.508221,loveme,user23,fail,70.14,
2025-12-14T14:52:24.589048,loveme,user24,fail,80.83,
2025-12-14T14:52:24.673736,loveme,user25,fail,84.69,
2025-12-14T14:52:24.745355,loveme,user26,fail,71.62,
2025-12-14T14:52:24.829753,loveme,user27,fail,84.4,
2025-12-14T14:52:24.897067,loveme,user28,fail,67.31,
2025-12-14T14:52:24.962339,loveme,user29,fail,65.27,
2025-12-14T14:52:25.026301,loveme,user30,fail,63.96,
2025-12-14T14:52:25.030382,flower,user01,fail,3.52,
2025-12-14T14:52:25.034402,flower,user02,fail,4.02,
2025-12-14T14:52:25.037920,flower,user03,fail,3.52,
2025-12-14T14:52:25.041446,flower,user04,fail,3.53,
2025-12-14T14:52:25.046464,flower,user05,fail,5.02,
2025-12-14T14:52:25.050491,flower,user06,fail,4.03,
2025-12-14T14:52:25.053498,flower,user07,fail,3.01,
2025-12-14T14:52:25.057010,flower,user08,fail,3.51,
2025-12-14T14:52:25.060522,flower,user09,fail,3.51,
2025-12-14T14:52:25.065135,flower,user10,fail,4.61,
2025-12-14T14:52:25.348097,flower,user11,fail,282.96,
2025-12-14T14:52:25.619831,flower,user12,fail,271.73,
2025-12-14T14:52:25.890515,flower,user13,fail,270.68,
2025-12-14T14:52:26.151550,flower,user14,fail,261.04,
2025-12-14T14:52:26.409257,flower,user15,fail,257.71,
2025-12-14T14:52:26.744626,flower,user16,fail,335.37,
2025-12-14T14:52:27.037997,flower,user17,fail,293.37,
2025-12-14T14:52:27.291246,flower,user18,fail,253.25,
2025-12-14T14:52:27.541617,flower,user19,fail,250.37,
2025-12-14T14:52:27.784569,flower,user20,fail,242.95,
2025-12-14T14:52:27.851324,flower,user21,fail,66.75,
2025-12-14T14:52:27.920671,flower,user22,fail,69.35,
2025-12-14T14:52:27.989316,flower,user23,fail,68.65,
2025-12-14T14:52:28.053380,flower,user24,fail,64.06,
2025-12-14T14:52:28.120488,flower,user25,fail,67.11,
2025-12-14T14:52:28.192498,flower,user26,fail,72.01,
2025-12-14T14:52:28.260773,flower,user27,fail,68.28,
2025-12-14T14:52:28.323667,flower,user28,fail,62.89,
2025-12-14T14:52:28.387996,flower,user29,fail,64.33,
2025-12-14T14:52:28.457247,flower,user30,fail,69.25,
2025-12-14T14:52:28.461766,test123,user01,fail,4.52,
2025-12-14T14:52:28.464769,test123,user02,fail,3.0,
2025-12-14T14:52:28.470513,test123,user03,fail,5.74,
2025-12-14T14:52:28.475536,test123,user04,fail,5.02,
2025-12-14T14:52:28.478805,test123,user05,fail,3.27,
2025-12-14T14:52:28.483330,test123,user06,fail,4.52,
2025-12-14T14:52:28.487915,test123,user07,fail,4.59,
2025-12-14T14:52:28.497828,test123,user08,fail,8.72,
2025-12-14T14:52:28.505187,test123,user09,fail,7.36,
2025-12-14T14:52:28.508715,test123,user10,fail,3.53,
2025-12-14T14:52:28.754899,test123,user11,fail,246.18,
2025-12-14T14:52:28.998986,test123,user12,fail,244.09,
2025-12-14T14:52:29.254773,test123,user13,fail,253.29,
2025-12-14T14:52:29.504948,test123,user14,fail,250.18,
2025-12-14T14:52:29.754954,test123,user15,fail,250.01,
2025-12-14T14:52:30.011584,test123,user16,fail,256.63,
2025-12-14T14:52:30.275254,test123,user17,fail,263.67,
2025-12-14T14:52:30.529502,test123,user18,fail,254.25,
2025-12-14T14:52:30.788948,test123,user19,fail,259.45,
2025-12-14T14:52:31.039225,test123,user20,fail,250.28,
2025-12-14T14:52:31.117056,test123,user21,fail,77.83,
2025-12-14T14:52:31.207995,test123,user22,fail,90.94,
2025-12-14T14:52:31.269212,test123,user23,fail,61.22,
2025-12-14T14:52:31.344727,test123,user24,fail,75.51,
2025-12-14T14:52:31.414655,test123,user25,fail,69.93,
2025-12-14T14:52:31.478799,test123,user26,fail,64.14,
2025-12-14T14:52:31.536330,test123,user27,fail,57.53,
2025-12-14T14:52:31.618625,test123,user28,fail,82.29,
2025-12-14T14:52:31.685391,test123,user29,fail,66.77,
2025-12-14T14:52:31.751691,test123,user30,fail,66.3,
2025-12-14T14:52:31.755584,mypassword,user01,fail,3.89,
2025-12-14T14:52:31.759076,mypassword,user02,fail,3.49,
2025-12-14T14:52:31.764614,mypassword,user03,fail,5.54,
2025-12-14T14:52:31.767228,mypassword,user04,fail,2.61,
2025-12-14T14:52:31.771744,mypassword,user05,fail,4.52,
2025-12-14T14:52:31.776287,mypassword,user06,fail,3.54,
2025-12-14T14:52:31.781347,mypassword,user07,fail,5.06,
2025-12-14T14:52:31.786355,mypassword,user08,fail,4.0,
2025-12-14T14:52:31.790606,mypassword,user09,fail,4.25,
2025-12-14T14:52:31.804403,mypassword,user10,fail,13.8,
2025-12-14T14:52:32.058833,mypassword,user11,fail,254.43,
2025-12-14T14:52:32.306186,mypassword,user12,fail,247.35,
2025-12-14T14:52:32.563384,mypassword,user13,fail,257.2,
2025-12-14T14:52:32.819037,mypassword,user14,fail,255.65,
2025-12-14T14:52:33.081474,mypassword,user15,fail,262.44,
2025-12-14T14:52:33.330219,mypassword,user16,fail,248.75,
2025-12-14T14:52:33.584334,mypassword,user17,fail,254.11,
2025-12-14T14:52:33.837020,mypassword,user18,fail,252.69,
2025-12-14T14:52:34.085410,mypassword,user19,fail,248.39,
2025-12-14T14:52:34.350764,mypassword,user20,fail,265.35,
2025-12-14T14:52:34.417330,mypassword,user21,fail,66.57,
2025-12-14T14:52:34.498275,mypassword,user22,fail,80.95,
2025-12-14T14:52:34.563577,mypassword,user23,fail,65.3,
2025-12-14T14:52:34.632693,mypassword,user24,fail,69.12,
2025-12-14T14:52:34.694525,mypassword,user25,fail,61.83,
2025-12-14T14:52:34.776400,mypassword,user26,fail,81.87,
2025-12-14T14:52:34.847307,mypassword,user27,fail,70.91,
2025-12-14T14:52:34.908992,mypassword,user28,fail,61.68,
2025-12-14T14:52:34.993607,mypassword,user29,fail,84.62,
2025-12-14T14:52:35.064762,mypassword,user30,fail,70.11,
